season,data_split,team_abbr,team_name,games,wins,losses,ties,avg_points_for,avg_points_against,avg_point_differential,win_pct
2021,TRAIN,ARI,Arizona Cardinals,17,11,6,0,26.41176470588235,21.529411764705884,4.882352941176471,0.6470588235294118
2021,TRAIN,ATL,Atlanta Falcons,17,7,10,0,18.41176470588235,27.0,-8.588235294117647,0.4117647058823529
2021,TRAIN,BAL,Baltimore Ravens,17,8,9,0,22.764705882352942,23.058823529411764,-0.29411764705882354,0.47058823529411764
2021,TRAIN,BUF,Buffalo Bills,17,11,6,0,28.41176470588235,17.0,11.411764705882353,0.6470588235294118
2021,TRAIN,CAR,Carolina Panthers,17,5,12,0,17.88235294117647,23.764705882352942,-5.882352941176471,0.29411764705882354
2021,TRAIN,CHI,Chicago Bears,17,6,11,0,18.294117647058822,23.941176470588236,-5.647058823529412,0.35294117647058826
2021,TRAIN,CIN,Cincinnati Bengals,17,10,7,0,27.058823529411764,22.11764705882353,4.9411764705882355,0.5882352941176471
2021,TRAIN,CLE,Cleveland Browns,17,8,9,0,20.529411764705884,21.823529411764707,-1.2941176470588236,0.47058823529411764
2021,TRAIN,DAL,Dallas Cowboys,17,12,5,0,31.176470588235293,21.058823529411764,10.117647058823529,0.7058823529411765
2021,TRAIN,DEN,Denver Broncos,17,7,10,0,19.705882352941178,18.941176470588236,0.7647058823529411,0.4117647058823529
2021,TRAIN,DET,Detroit Lions,17,3,13,1,19.11764705882353,27.470588235294116,-8.352941176470589,0.20588235294117646
2021,TRAIN,GB,Green Bay Packers,17,13,4,0,26.470588235294116,21.823529411764707,4.647058823529412,0.7647058823529411
2021,TRAIN,HOU,Houston Texans,17,4,13,0,16.470588235294116,26.58823529411765,-10.117647058823529,0.23529411764705882
2021,TRAIN,IND,Indianapolis Colts,17,9,8,0,26.529411764705884,21.470588235294116,5.0588235294117645,0.5294117647058824
2021,TRAIN,JAX,Jacksonville Jaguars,17,3,14,0,14.882352941176471,26.88235294117647,-12.0,0.17647058823529413
2021,TRAIN,KC,Kansas City Chiefs,17,12,5,0,28.235294117647058,21.41176470588235,6.823529411764706,0.7058823529411765
2021,TRAIN,LA,Los Angeles Rams,17,12,5,0,27.058823529411764,21.88235294117647,5.176470588235294,0.7058823529411765
2021,TRAIN,LAC,Los Angeles Chargers,17,9,8,0,27.88235294117647,27.0,0.8823529411764706,0.5294117647058824
2021,TRAIN,LV,Las Vegas Raiders,17,10,7,0,22.0,25.823529411764707,-3.823529411764706,0.5882352941176471
2021,TRAIN,MIA,Miami Dolphins,17,9,8,0,20.058823529411764,21.941176470588236,-1.8823529411764706,0.5294117647058824
2021,TRAIN,MIN,Minnesota Vikings,17,8,9,0,25.0,25.058823529411764,-0.058823529411764705,0.47058823529411764
2021,TRAIN,NE,New England Patriots,17,10,7,0,27.176470588235293,17.823529411764707,9.352941176470589,0.5882352941176471
2021,TRAIN,NO,New Orleans Saints,17,9,8,0,21.41176470588235,19.705882352941178,1.7058823529411764,0.5294117647058824
2021,TRAIN,NYG,New York Giants,17,4,13,0,15.176470588235293,24.470588235294116,-9.294117647058824,0.23529411764705882
2021,TRAIN,NYJ,New York Jets,17,4,13,0,18.235294117647058,29.647058823529413,-11.411764705882353,0.23529411764705882
2021,TRAIN,PHI,Philadelphia Eagles,17,9,8,0,26.11764705882353,22.647058823529413,3.4705882352941178,0.5294117647058824
2021,TRAIN,PIT,Pittsburgh Steelers,17,9,7,1,20.176470588235293,23.41176470588235,-3.235294117647059,0.5588235294117647
2021,TRAIN,SEA,Seattle Seahawks,17,7,10,0,23.235294117647058,21.529411764705884,1.7058823529411764,0.4117647058823529
2021,TRAIN,SF,San Francisco 49ers,17,10,7,0,25.11764705882353,21.470588235294116,3.6470588235294117,0.5882352941176471
2021,TRAIN,TB,Tampa Bay Buccaneers,17,13,4,0,30.058823529411764,20.764705882352942,9.294117647058824,0.7647058823529411
2021,TRAIN,TEN,Tennessee Titans,17,12,5,0,24.647058823529413,20.823529411764707,3.823529411764706,0.7058823529411765
2021,TRAIN,WAS,Washington Commanders,17,7,10,0,19.705882352941178,25.529411764705884,-5.823529411764706,0.4117647058823529
2022,TRAIN,ARI,Arizona Cardinals,17,4,13,0,20.0,26.41176470588235,-6.411764705882353,0.23529411764705882
2022,TRAIN,ATL,Atlanta Falcons,17,7,10,0,21.470588235294116,22.705882352941178,-1.2352941176470589,0.4117647058823529
2022,TRAIN,BAL,Baltimore Ravens,17,10,7,0,20.58823529411765,18.529411764705884,2.0588235294117645,0.5882352941176471
2022,TRAIN,BUF,Buffalo Bills,16,13,3,0,28.4375,17.875,10.5625,0.8125
2022,TRAIN,CAR,Carolina Panthers,17,7,10,0,20.41176470588235,22.0,-1.588235294117647,0.4117647058823529
2022,TRAIN,CHI,Chicago Bears,17,3,14,0,19.176470588235293,27.235294117647058,-8.058823529411764,0.17647058823529413
2022,TRAIN,CIN,Cincinnati Bengals,16,12,4,0,26.125,20.125,6.0,0.75
2022,TRAIN,CLE,Cleveland Browns,17,7,10,0,21.235294117647058,22.41176470588235,-1.1764705882352942,0.4117647058823529
2022,TRAIN,DAL,Dallas Cowboys,17,12,5,0,27.470588235294116,20.11764705882353,7.352941176470588,0.7058823529411765
2022,TRAIN,DEN,Denver Broncos,17,5,12,0,16.88235294117647,21.11764705882353,-4.235294117647059,0.29411764705882354
2022,TRAIN,DET,Detroit Lions,17,9,8,0,26.647058823529413,25.11764705882353,1.5294117647058822,0.5294117647058824
2022,TRAIN,GB,Green Bay Packers,17,8,9,0,21.764705882352942,21.823529411764707,-0.058823529411764705,0.47058823529411764
2022,TRAIN,HOU,Houston Texans,17,3,13,1,17.0,24.705882352941178,-7.705882352941177,0.20588235294117646
2022,TRAIN,IND,Indianapolis Colts,17,4,12,1,17.0,25.11764705882353,-8.117647058823529,0.2647058823529412
2022,TRAIN,JAX,Jacksonville Jaguars,17,9,8,0,23.764705882352942,20.58823529411765,3.176470588235294,0.5294117647058824
2022,TRAIN,KC,Kansas City Chiefs,17,14,3,0,29.176470588235293,21.705882352941178,7.470588235294118,0.8235294117647058
2022,TRAIN,LA,Los Angeles Rams,17,5,12,0,18.058823529411764,22.58823529411765,-4.529411764705882,0.29411764705882354
2022,TRAIN,LAC,Los Angeles Chargers,17,10,7,0,23.0,22.58823529411765,0.4117647058823529,0.5882352941176471
2022,TRAIN,LV,Las Vegas Raiders,17,6,11,0,23.235294117647058,24.58823529411765,-1.3529411764705883,0.35294117647058826
2022,TRAIN,MIA,Miami Dolphins,17,9,8,0,23.352941176470587,23.470588235294116,-0.11764705882352941,0.5294117647058824
2022,TRAIN,MIN,Minnesota Vikings,17,13,4,0,24.941176470588236,25.11764705882353,-0.17647058823529413,0.7647058823529411
2022,TRAIN,NE,New England Patriots,17,8,9,0,21.41176470588235,20.41176470588235,1.0,0.47058823529411764
2022,TRAIN,NO,New Orleans Saints,17,7,10,0,19.41176470588235,20.294117647058822,-0.8823529411764706,0.4117647058823529
2022,TRAIN,NYG,New York Giants,17,9,7,1,21.470588235294116,21.823529411764707,-0.35294117647058826,0.5588235294117647
2022,TRAIN,NYJ,New York Jets,17,7,10,0,17.41176470588235,18.58823529411765,-1.1764705882352942,0.4117647058823529
2022,TRAIN,PHI,Philadelphia Eagles,17,14,3,0,28.058823529411764,20.235294117647058,7.823529411764706,0.8235294117647058
2022,TRAIN,PIT,Pittsburgh Steelers,17,9,8,0,18.11764705882353,20.352941176470587,-2.235294117647059,0.5294117647058824
2022,TRAIN,SEA,Seattle Seahawks,17,9,8,0,23.941176470588236,23.58823529411765,0.35294117647058826,0.5294117647058824
2022,TRAIN,SF,San Francisco 49ers,17,13,4,0,26.470588235294116,16.294117647058822,10.176470588235293,0.7647058823529411
2022,TRAIN,TB,Tampa Bay Buccaneers,17,8,9,0,18.41176470588235,21.058823529411764,-2.6470588235294117,0.47058823529411764
2022,TRAIN,TEN,Tennessee Titans,17,7,10,0,17.529411764705884,21.11764705882353,-3.588235294117647,0.4117647058823529
2022,TRAIN,WAS,Washington Commanders,17,8,8,1,18.88235294117647,20.176470588235293,-1.2941176470588236,0.5
2023,TRAIN,ARI,Arizona Cardinals,17,4,13,0,19.41176470588235,26.764705882352942,-7.352941176470588,0.23529411764705882
2023,TRAIN,ATL,Atlanta Falcons,17,7,10,0,18.88235294117647,21.941176470588236,-3.0588235294117645,0.4117647058823529
2023,TRAIN,BAL,Baltimore Ravens,17,13,4,0,28.41176470588235,16.470588235294116,11.941176470588236,0.7647058823529411
2023,TRAIN,BUF,Buffalo Bills,17,11,6,0,26.529411764705884,18.294117647058822,8.235294117647058,0.6470588235294118
2023,TRAIN,CAR,Carolina Panthers,17,2,15,0,13.882352941176471,24.470588235294116,-10.588235294117647,0.11764705882352941
2023,TRAIN,CHI,Chicago Bears,17,7,10,0,21.176470588235293,22.294117647058822,-1.1176470588235294,0.4117647058823529
2023,TRAIN,CIN,Cincinnati Bengals,17,9,8,0,21.529411764705884,22.58823529411765,-1.0588235294117647,0.5294117647058824
2023,TRAIN,CLE,Cleveland Browns,17,11,6,0,23.294117647058822,21.294117647058822,2.0,0.6470588235294118
2023,TRAIN,DAL,Dallas Cowboys,17,12,5,0,29.941176470588236,18.529411764705884,11.411764705882353,0.7058823529411765
2023,TRAIN,DEN,Denver Broncos,17,8,9,0,21.0,24.294117647058822,-3.2941176470588234,0.47058823529411764
2023,TRAIN,DET,Detroit Lions,17,12,5,0,27.11764705882353,23.235294117647058,3.8823529411764706,0.7058823529411765
2023,TRAIN,GB,Green Bay Packers,17,9,8,0,22.529411764705884,20.58823529411765,1.9411764705882353,0.5294117647058824
2023,TRAIN,HOU,Houston Texans,17,10,7,0,22.176470588235293,20.764705882352942,1.411764705882353,0.5882352941176471
2023,TRAIN,IND,Indianapolis Colts,17,9,8,0,23.294117647058822,24.41176470588235,-1.1176470588235294,0.5294117647058824
2023,TRAIN,JAX,Jacksonville Jaguars,17,9,8,0,22.176470588235293,21.823529411764707,0.35294117647058826,0.5294117647058824
2023,TRAIN,KC,Kansas City Chiefs,17,11,6,0,21.823529411764707,17.294117647058822,4.529411764705882,0.6470588235294118
2023,TRAIN,LA,Los Angeles Rams,17,10,7,0,23.764705882352942,22.176470588235293,1.588235294117647,0.5882352941176471
2023,TRAIN,LAC,Los Angeles Chargers,17,5,12,0,20.352941176470587,23.41176470588235,-3.0588235294117645,0.29411764705882354
2023,TRAIN,LV,Las Vegas Raiders,17,8,9,0,19.529411764705884,19.470588235294116,0.058823529411764705,0.47058823529411764
2023,TRAIN,MIA,Miami Dolphins,17,11,6,0,29.176470588235293,23.0,6.176470588235294,0.6470588235294118
2023,TRAIN,MIN,Minnesota Vikings,17,7,10,0,20.235294117647058,21.294117647058822,-1.0588235294117647,0.4117647058823529
2023,TRAIN,NE,New England Patriots,17,4,13,0,13.882352941176471,21.529411764705884,-7.647058823529412,0.23529411764705882
2023,TRAIN,NO,New Orleans Saints,17,9,8,0,23.647058823529413,19.235294117647058,4.411764705882353,0.5294117647058824
2023,TRAIN,NYG,New York Giants,17,6,11,0,15.647058823529411,23.941176470588236,-8.294117647058824,0.35294117647058826
2023,TRAIN,NYJ,New York Jets,17,7,10,0,15.764705882352942,20.88235294117647,-5.117647058823529,0.4117647058823529
2023,TRAIN,PHI,Philadelphia Eagles,17,11,6,0,25.470588235294116,25.176470588235293,0.29411764705882354,0.6470588235294118
2023,TRAIN,PIT,Pittsburgh Steelers,17,10,7,0,17.88235294117647,19.058823529411764,-1.1764705882352942,0.5882352941176471
2023,TRAIN,SEA,Seattle Seahawks,17,9,8,0,21.41176470588235,23.647058823529413,-2.235294117647059,0.5294117647058824
2023,TRAIN,SF,San Francisco 49ers,17,12,5,0,28.88235294117647,17.529411764705884,11.352941176470589,0.7058823529411765
2023,TRAIN,TB,Tampa Bay Buccaneers,17,9,8,0,20.470588235294116,19.11764705882353,1.3529411764705883,0.5294117647058824
2023,TRAIN,TEN,Tennessee Titans,17,6,11,0,17.941176470588236,21.58823529411765,-3.6470588235294117,0.35294117647058826
2023,TRAIN,WAS,Washington Commanders,17,4,13,0,19.352941176470587,30.470588235294116,-11.117647058823529,0.23529411764705882
2024,VALIDATION,ARI,Arizona Cardinals,17,8,9,0,23.529411764705884,22.294117647058822,1.2352941176470589,0.47058823529411764
2024,VALIDATION,ATL,Atlanta Falcons,17,8,9,0,22.88235294117647,24.88235294117647,-2.0,0.47058823529411764
2024,VALIDATION,BAL,Baltimore Ravens,17,12,5,0,30.470588235294116,21.235294117647058,9.235294117647058,0.7058823529411765
2024,VALIDATION,BUF,Buffalo Bills,17,13,4,0,30.88235294117647,21.647058823529413,9.235294117647058,0.7647058823529411
2024,VALIDATION,CAR,Carolina Panthers,17,5,12,0,20.058823529411764,31.41176470588235,-11.352941176470589,0.29411764705882354
2024,VALIDATION,CHI,Chicago Bears,17,5,12,0,18.235294117647058,21.764705882352942,-3.5294117647058822,0.29411764705882354
2024,VALIDATION,CIN,Cincinnati Bengals,17,9,8,0,27.764705882352942,25.529411764705884,2.235294117647059,0.5294117647058824
2024,VALIDATION,CLE,Cleveland Browns,17,3,14,0,15.176470588235293,25.58823529411765,-10.411764705882353,0.17647058823529413
2024,VALIDATION,DAL,Dallas Cowboys,17,7,10,0,20.58823529411765,27.529411764705884,-6.9411764705882355,0.4117647058823529
2024,VALIDATION,DEN,Denver Broncos,17,10,7,0,25.0,18.294117647058822,6.705882352941177,0.5882352941176471
2024,VALIDATION,DET,Detroit Lions,17,15,2,0,33.1764705882353,20.11764705882353,13.058823529411764,0.8823529411764706
2024,VALIDATION,GB,Green Bay Packers,17,11,6,0,27.058823529411764,19.88235294117647,7.176470588235294,0.6470588235294118
2024,VALIDATION,HOU,Houston Texans,17,10,7,0,21.88235294117647,21.88235294117647,0.0,0.5882352941176471
2024,VALIDATION,IND,Indianapolis Colts,17,8,9,0,22.176470588235293,25.11764705882353,-2.9411764705882355,0.47058823529411764
2024,VALIDATION,JAX,Jacksonville Jaguars,17,4,13,0,18.823529411764707,25.58823529411765,-6.764705882352941,0.23529411764705882
2024,VALIDATION,KC,Kansas City Chiefs,17,15,2,0,22.647058823529413,19.176470588235293,3.4705882352941178,0.8823529411764706
2024,VALIDATION,LA,Los Angeles Rams,17,10,7,0,21.58823529411765,22.705882352941178,-1.1176470588235294,0.5882352941176471
2024,VALIDATION,LAC,Los Angeles Chargers,17,11,6,0,23.647058823529413,17.705882352941178,5.9411764705882355,0.6470588235294118
2024,VALIDATION,LV,Las Vegas Raiders,17,4,13,0,18.176470588235293,25.529411764705884,-7.352941176470588,0.23529411764705882
2024,VALIDATION,MIA,Miami Dolphins,17,8,9,0,20.294117647058822,21.41176470588235,-1.1176470588235294,0.47058823529411764
2024,VALIDATION,MIN,Minnesota Vikings,17,14,3,0,25.41176470588235,19.529411764705884,5.882352941176471,0.8235294117647058
2024,VALIDATION,NE,New England Patriots,17,4,13,0,17.0,24.529411764705884,-7.529411764705882,0.23529411764705882
2024,VALIDATION,NO,New Orleans Saints,17,5,12,0,19.88235294117647,23.41176470588235,-3.5294117647058822,0.29411764705882354
2024,VALIDATION,NYG,New York Giants,17,3,14,0,16.058823529411764,24.41176470588235,-8.352941176470589,0.17647058823529413
2024,VALIDATION,NYJ,New York Jets,17,5,12,0,19.88235294117647,23.764705882352942,-3.8823529411764706,0.29411764705882354
2024,VALIDATION,PHI,Philadelphia Eagles,17,14,3,0,27.235294117647058,17.823529411764707,9.411764705882353,0.8235294117647058
2024,VALIDATION,PIT,Pittsburgh Steelers,17,10,7,0,22.352941176470587,20.41176470588235,1.9411764705882353,0.5882352941176471
2024,VALIDATION,SEA,Seattle Seahawks,17,10,7,0,22.058823529411764,21.647058823529413,0.4117647058823529,0.5882352941176471
2024,VALIDATION,SF,San Francisco 49ers,17,6,11,0,22.88235294117647,25.647058823529413,-2.764705882352941,0.35294117647058826
2024,VALIDATION,TB,Tampa Bay Buccaneers,17,10,7,0,29.529411764705884,22.647058823529413,6.882352941176471,0.5882352941176471
2024,VALIDATION,TEN,Tennessee Titans,17,3,14,0,18.294117647058822,27.058823529411764,-8.764705882352942,0.17647058823529413
2024,VALIDATION,WAS,Washington Commanders,17,12,5,0,28.529411764705884,23.0,5.529411764705882,0.7058823529411765
2025,TEST,ARI,Arizona Cardinals,17,3,14,0,20.88235294117647,28.705882352941178,-7.823529411764706,0.17647058823529413
2025,TEST,ATL,Atlanta Falcons,17,8,9,0,20.764705882352942,23.58823529411765,-2.823529411764706,0.47058823529411764
2025,TEST,BAL,Baltimore Ravens,17,8,9,0,24.941176470588236,23.41176470588235,1.5294117647058822,0.47058823529411764
2025,TEST,BUF,Buffalo Bills,17,12,5,0,28.294117647058822,21.470588235294116,6.823529411764706,0.7058823529411765
2025,TEST,CAR,Carolina Panthers,17,8,9,0,18.294117647058822,22.352941176470587,-4.0588235294117645,0.47058823529411764
2025,TEST,CHI,Chicago Bears,17,11,6,0,25.941176470588236,24.41176470588235,1.5294117647058822,0.6470588235294118
2025,TEST,CIN,Cincinnati Bengals,17,6,11,0,24.352941176470587,28.941176470588236,-4.588235294117647,0.35294117647058826
2025,TEST,CLE,Cleveland Browns,17,5,12,0,16.41176470588235,22.294117647058822,-5.882352941176471,0.29411764705882354
2025,TEST,DAL,Dallas Cowboys,17,7,9,1,27.705882352941178,30.058823529411764,-2.3529411764705883,0.4411764705882353
2025,TEST,DEN,Denver Broncos,17,14,3,0,23.58823529411765,18.294117647058822,5.294117647058823,0.8235294117647058
2025,TEST,DET,Detroit Lions,17,9,8,0,28.294117647058822,24.294117647058822,4.0,0.5294117647058824
2025,TEST,GB,Green Bay Packers,17,9,7,1,23.0,21.176470588235293,1.8235294117647058,0.5588235294117647
2025,TEST,HOU,Houston Texans,17,12,5,0,23.764705882352942,17.352941176470587,6.411764705882353,0.7058823529411765
2025,TEST,IND,Indianapolis Colts,17,8,9,0,27.41176470588235,24.235294117647058,3.176470588235294,0.47058823529411764
2025,TEST,JAX,Jacksonville Jaguars,17,13,4,0,27.88235294117647,19.764705882352942,8.117647058823529,0.7647058823529411
2025,TEST,KC,Kansas City Chiefs,17,6,11,0,21.294117647058822,19.294117647058822,2.0,0.35294117647058826
2025,TEST,LA,Los Angeles Rams,17,12,5,0,30.470588235294116,20.352941176470587,10.117647058823529,0.7058823529411765
2025,TEST,LAC,Los Angeles Chargers,17,11,6,0,21.647058823529413,20.0,1.6470588235294117,0.6470588235294118
2025,TEST,LV,Las Vegas Raiders,17,3,14,0,14.176470588235293,25.41176470588235,-11.235294117647058,0.17647058823529413
2025,TEST,MIA,Miami Dolphins,17,7,10,0,20.41176470588235,24.941176470588236,-4.529411764705882,0.4117647058823529
2025,TEST,MIN,Minnesota Vikings,17,9,8,0,20.235294117647058,19.58823529411765,0.6470588235294118,0.5294117647058824
2025,TEST,NE,New England Patriots,17,14,3,0,28.823529411764707,18.823529411764707,10.0,0.8235294117647058
2025,TEST,NO,New Orleans Saints,17,6,11,0,18.0,22.529411764705884,-4.529411764705882,0.35294117647058826
2025,TEST,NYG,New York Giants,17,4,13,0,22.41176470588235,25.823529411764707,-3.411764705882353,0.23529411764705882
2025,TEST,NYJ,New York Jets,17,3,14,0,17.647058823529413,29.58823529411765,-11.941176470588236,0.17647058823529413
2025,TEST,PHI,Philadelphia Eagles,17,11,6,0,22.294117647058822,19.11764705882353,3.176470588235294,0.6470588235294118
2025,TEST,PIT,Pittsburgh Steelers,17,10,7,0,23.352941176470587,22.764705882352942,0.5882352941176471,0.5882352941176471
2025,TEST,SEA,Seattle Seahawks,17,14,3,0,28.41176470588235,17.176470588235293,11.235294117647058,0.8235294117647058
2025,TEST,SF,San Francisco 49ers,17,12,5,0,25.705882352941178,21.823529411764707,3.8823529411764706,0.7058823529411765
2025,TEST,TB,Tampa Bay Buccaneers,17,8,9,0,22.352941176470587,24.176470588235293,-1.8235294117647058,0.47058823529411764
2025,TEST,TEN,Tennessee Titans,17,3,14,0,16.705882352941178,28.11764705882353,-11.411764705882353,0.17647058823529413
2025,TEST,WAS,Washington Commanders,17,5,12,0,20.941176470588236,26.529411764705884,-5.588235294117647,0.29411764705882354
