season,data_split,team,games,wins,draws,losses,league_points,goals_for,goals_against,goal_difference,average_goals_for,average_goals_against,win_pct
2021-22,TRAIN,Manchester City,38,29,6,3,93,99,26,73,2.6052631578947367,0.6842105263157895,0.7631578947368421
2021-22,TRAIN,Liverpool,38,28,8,2,92,94,26,68,2.473684210526316,0.6842105263157895,0.7368421052631579
2021-22,TRAIN,Chelsea,38,21,11,6,74,76,33,43,2.0,0.868421052631579,0.5526315789473685
2021-22,TRAIN,Tottenham Hotspur,38,22,5,11,71,69,40,29,1.8157894736842106,1.0526315789473684,0.5789473684210527
2021-22,TRAIN,Arsenal,38,22,3,13,69,61,48,13,1.605263157894737,1.263157894736842,0.5789473684210527
2021-22,TRAIN,Manchester United,38,16,10,12,58,57,57,0,1.5,1.5,0.42105263157894735
2021-22,TRAIN,West Ham United,38,16,8,14,56,60,51,9,1.5789473684210527,1.3421052631578947,0.42105263157894735
2021-22,TRAIN,Leicester City,38,14,10,14,52,62,59,3,1.631578947368421,1.5526315789473684,0.3684210526315789
2021-22,TRAIN,Brighton & Hove Albion,38,12,15,11,51,42,44,-2,1.105263157894737,1.1578947368421053,0.3157894736842105
2021-22,TRAIN,Wolverhampton Wanderers,38,15,6,17,51,38,43,-5,1.0,1.131578947368421,0.39473684210526316
2021-22,TRAIN,Newcastle United,38,13,10,15,49,44,62,-18,1.1578947368421053,1.631578947368421,0.34210526315789475
2021-22,TRAIN,Crystal Palace,38,11,15,12,48,50,46,4,1.3157894736842106,1.2105263157894737,0.2894736842105263
2021-22,TRAIN,Brentford,38,13,7,18,46,48,56,-8,1.263157894736842,1.4736842105263157,0.34210526315789475
2021-22,TRAIN,Aston Villa,38,13,6,19,45,52,54,-2,1.368421052631579,1.4210526315789473,0.34210526315789475
2021-22,TRAIN,Southampton,38,9,13,16,40,43,67,-24,1.131578947368421,1.763157894736842,0.23684210526315788
2021-22,TRAIN,Everton,38,11,6,21,39,43,66,-23,1.131578947368421,1.736842105263158,0.2894736842105263
2021-22,TRAIN,Leeds United,38,9,11,18,38,42,79,-37,1.105263157894737,2.0789473684210527,0.23684210526315788
2021-22,TRAIN,Burnley,38,7,14,17,35,34,53,-19,0.8947368421052632,1.394736842105263,0.18421052631578946
2021-22,TRAIN,Watford,38,6,5,27,23,34,77,-43,0.8947368421052632,2.026315789473684,0.15789473684210525
2021-22,TRAIN,Norwich,38,5,7,26,22,23,84,-61,0.6052631578947368,2.210526315789474,0.13157894736842105
2022-23,TRAIN,Manchester City,38,28,5,5,89,94,33,61,2.473684210526316,0.868421052631579,0.7368421052631579
2022-23,TRAIN,Arsenal,38,26,6,6,84,88,43,45,2.3157894736842106,1.131578947368421,0.6842105263157895
2022-23,TRAIN,Manchester United,38,23,6,9,75,58,43,15,1.5263157894736843,1.131578947368421,0.6052631578947368
2022-23,TRAIN,Newcastle United,38,19,14,5,71,68,33,35,1.7894736842105263,0.868421052631579,0.5
2022-23,TRAIN,Liverpool,38,19,10,9,67,75,47,28,1.9736842105263157,1.236842105263158,0.5
2022-23,TRAIN,Brighton & Hove Albion,38,18,8,12,62,72,53,19,1.894736842105263,1.394736842105263,0.47368421052631576
2022-23,TRAIN,Aston Villa,38,18,7,13,61,51,46,5,1.3421052631578947,1.2105263157894737,0.47368421052631576
2022-23,TRAIN,Tottenham Hotspur,38,18,6,14,60,70,63,7,1.8421052631578947,1.6578947368421053,0.47368421052631576
2022-23,TRAIN,Brentford,38,15,14,9,59,58,46,12,1.5263157894736843,1.2105263157894737,0.39473684210526316
2022-23,TRAIN,Fulham,38,15,7,16,52,55,53,2,1.4473684210526316,1.394736842105263,0.39473684210526316
2022-23,TRAIN,Crystal Palace,38,11,12,15,45,40,49,-9,1.0526315789473684,1.2894736842105263,0.2894736842105263
2022-23,TRAIN,Chelsea,38,11,11,16,44,38,47,-9,1.0,1.236842105263158,0.2894736842105263
2022-23,TRAIN,Wolverhampton Wanderers,38,11,8,19,41,31,58,-27,0.8157894736842105,1.5263157894736843,0.2894736842105263
2022-23,TRAIN,West Ham United,38,11,7,20,40,42,55,-13,1.105263157894737,1.4473684210526316,0.2894736842105263
2022-23,TRAIN,Bournemouth,38,11,6,21,39,37,71,-34,0.9736842105263158,1.868421052631579,0.2894736842105263
2022-23,TRAIN,Nottingham Forest,38,9,11,18,38,38,68,-30,1.0,1.7894736842105263,0.23684210526315788
2022-23,TRAIN,Everton,38,8,12,18,36,34,57,-23,0.8947368421052632,1.5,0.21052631578947367
2022-23,TRAIN,Leicester City,38,9,7,22,34,51,68,-17,1.3421052631578947,1.7894736842105263,0.23684210526315788
2022-23,TRAIN,Leeds United,38,7,10,21,31,48,78,-30,1.263157894736842,2.0526315789473686,0.18421052631578946
2022-23,TRAIN,Southampton,38,6,7,25,25,36,73,-37,0.9473684210526315,1.9210526315789473,0.15789473684210525
2023-24,TRAIN,Manchester City,38,28,7,3,91,96,34,62,2.526315789473684,0.8947368421052632,0.7368421052631579
2023-24,TRAIN,Arsenal,38,28,5,5,89,91,29,62,2.3947368421052633,0.7631578947368421,0.7368421052631579
2023-24,TRAIN,Liverpool,38,24,10,4,82,86,41,45,2.263157894736842,1.0789473684210527,0.631578947368421
2023-24,TRAIN,Aston Villa,38,20,8,10,68,76,61,15,2.0,1.605263157894737,0.5263157894736842
2023-24,TRAIN,Tottenham Hotspur,38,20,6,12,66,74,61,13,1.9473684210526316,1.605263157894737,0.5263157894736842
2023-24,TRAIN,Chelsea,38,18,9,11,63,77,63,14,2.026315789473684,1.6578947368421053,0.47368421052631576
2023-24,TRAIN,Newcastle United,38,18,6,14,60,85,62,23,2.236842105263158,1.631578947368421,0.47368421052631576
2023-24,TRAIN,Manchester United,38,18,6,14,60,57,58,-1,1.5,1.5263157894736843,0.47368421052631576
2023-24,TRAIN,West Ham United,38,14,10,14,52,60,74,-14,1.5789473684210527,1.9473684210526316,0.3684210526315789
2023-24,TRAIN,Crystal Palace,38,13,10,15,49,57,58,-1,1.5,1.5263157894736843,0.34210526315789475
2023-24,TRAIN,Brighton & Hove Albion,38,12,12,14,48,55,62,-7,1.4473684210526316,1.631578947368421,0.3157894736842105
2023-24,TRAIN,Everton,38,13,9,16,48,40,51,-11,1.0526315789473684,1.3421052631578947,0.34210526315789475
2023-24,TRAIN,Bournemouth,38,13,9,16,48,54,67,-13,1.4210526315789473,1.763157894736842,0.34210526315789475
2023-24,TRAIN,Fulham,38,13,8,17,47,55,61,-6,1.4473684210526316,1.605263157894737,0.34210526315789475
2023-24,TRAIN,Wolverhampton Wanderers,38,13,7,18,46,50,65,-15,1.3157894736842106,1.7105263157894737,0.34210526315789475
2023-24,TRAIN,Brentford,38,10,9,19,39,56,65,-9,1.4736842105263157,1.7105263157894737,0.2631578947368421
2023-24,TRAIN,Nottingham Forest,38,9,9,20,36,49,67,-18,1.2894736842105263,1.763157894736842,0.23684210526315788
2023-24,TRAIN,Luton,38,6,8,24,26,52,85,-33,1.368421052631579,2.236842105263158,0.15789473684210525
2023-24,TRAIN,Burnley,38,5,9,24,24,41,78,-37,1.0789473684210527,2.0526315789473686,0.13157894736842105
2023-24,TRAIN,Sheffield United,38,3,7,28,16,35,104,-69,0.9210526315789473,2.736842105263158,0.07894736842105263
2024-25,VALIDATION,Liverpool,38,25,9,4,84,86,41,45,2.263157894736842,1.0789473684210527,0.6578947368421053
2024-25,VALIDATION,Arsenal,38,20,14,4,74,69,34,35,1.8157894736842106,0.8947368421052632,0.5263157894736842
2024-25,VALIDATION,Manchester City,38,21,8,9,71,72,44,28,1.894736842105263,1.1578947368421053,0.5526315789473685
2024-25,VALIDATION,Chelsea,38,20,9,9,69,64,43,21,1.6842105263157894,1.131578947368421,0.5263157894736842
2024-25,VALIDATION,Newcastle United,38,20,6,12,66,68,47,21,1.7894736842105263,1.236842105263158,0.5263157894736842
2024-25,VALIDATION,Aston Villa,38,19,9,10,66,58,51,7,1.5263157894736843,1.3421052631578947,0.5
2024-25,VALIDATION,Nottingham Forest,38,19,8,11,65,58,46,12,1.5263157894736843,1.2105263157894737,0.5
2024-25,VALIDATION,Brighton & Hove Albion,38,16,13,9,61,66,59,7,1.736842105263158,1.5526315789473684,0.42105263157894735
2024-25,VALIDATION,Bournemouth,38,15,11,12,56,58,46,12,1.5263157894736843,1.2105263157894737,0.39473684210526316
2024-25,VALIDATION,Brentford,38,16,8,14,56,66,57,9,1.736842105263158,1.5,0.42105263157894735
2024-25,VALIDATION,Fulham,38,15,9,14,54,54,54,0,1.4210526315789473,1.4210526315789473,0.39473684210526316
2024-25,VALIDATION,Crystal Palace,38,13,14,11,53,51,51,0,1.3421052631578947,1.3421052631578947,0.34210526315789475
2024-25,VALIDATION,Everton,38,11,15,12,48,42,44,-2,1.105263157894737,1.1578947368421053,0.2894736842105263
2024-25,VALIDATION,West Ham United,38,11,10,17,43,46,62,-16,1.2105263157894737,1.631578947368421,0.2894736842105263
2024-25,VALIDATION,Manchester United,38,11,9,18,42,44,54,-10,1.1578947368421053,1.4210526315789473,0.2894736842105263
2024-25,VALIDATION,Wolverhampton Wanderers,38,12,6,20,42,54,69,-15,1.4210526315789473,1.8157894736842106,0.3157894736842105
2024-25,VALIDATION,Tottenham Hotspur,38,11,5,22,38,64,65,-1,1.6842105263157894,1.7105263157894737,0.2894736842105263
2024-25,VALIDATION,Leicester City,38,6,7,25,25,33,80,-47,0.868421052631579,2.1052631578947367,0.15789473684210525
2024-25,VALIDATION,Ipswich,38,4,10,24,22,36,82,-46,0.9473684210526315,2.1578947368421053,0.10526315789473684
2024-25,VALIDATION,Southampton,38,2,6,30,12,26,86,-60,0.6842105263157895,2.263157894736842,0.05263157894736842
2025-26,TEST,Arsenal,38,26,7,5,85,71,27,44,1.868421052631579,0.7105263157894737,0.6842105263157895
2025-26,TEST,Manchester City,38,23,9,6,78,77,35,42,2.026315789473684,0.9210526315789473,0.6052631578947368
2025-26,TEST,Manchester United,38,20,11,7,71,69,50,19,1.8157894736842106,1.3157894736842106,0.5263157894736842
2025-26,TEST,Aston Villa,38,19,8,11,65,56,49,7,1.4736842105263157,1.2894736842105263,0.5
2025-26,TEST,Liverpool,38,17,9,12,60,63,53,10,1.6578947368421053,1.394736842105263,0.4473684210526316
2025-26,TEST,Bournemouth,38,13,18,7,57,58,54,4,1.5263157894736843,1.4210526315789473,0.34210526315789475
2025-26,TEST,Sunderland,38,14,12,12,54,42,48,-6,1.105263157894737,1.263157894736842,0.3684210526315789
2025-26,TEST,Brighton & Hove Albion,38,14,11,13,53,52,46,6,1.368421052631579,1.2105263157894737,0.3684210526315789
2025-26,TEST,Brentford,38,14,11,13,53,55,52,3,1.4473684210526316,1.368421052631579,0.3684210526315789
2025-26,TEST,Chelsea,38,14,10,14,52,58,52,6,1.5263157894736843,1.368421052631579,0.3684210526315789
2025-26,TEST,Fulham,38,15,7,16,52,47,51,-4,1.236842105263158,1.3421052631578947,0.39473684210526316
2025-26,TEST,Newcastle United,38,14,7,17,49,53,55,-2,1.394736842105263,1.4473684210526316,0.3684210526315789
2025-26,TEST,Everton,38,13,10,15,49,47,50,-3,1.236842105263158,1.3157894736842106,0.34210526315789475
2025-26,TEST,Leeds United,38,11,14,13,47,49,56,-7,1.2894736842105263,1.4736842105263157,0.2894736842105263
2025-26,TEST,Crystal Palace,38,11,12,15,45,41,51,-10,1.0789473684210527,1.3421052631578947,0.2894736842105263
2025-26,TEST,Nottingham Forest,38,11,11,16,44,48,51,-3,1.263157894736842,1.3421052631578947,0.2894736842105263
2025-26,TEST,Tottenham Hotspur,38,10,11,17,41,48,57,-9,1.263157894736842,1.5,0.2631578947368421
2025-26,TEST,West Ham United,38,10,9,19,39,46,65,-19,1.2105263157894737,1.7105263157894737,0.2631578947368421
2025-26,TEST,Burnley,38,4,10,24,22,38,75,-37,1.0,1.9736842105263157,0.10526315789473684
2025-26,TEST,Wolverhampton Wanderers,38,3,11,24,20,27,68,-41,0.7105263157894737,1.7894736842105263,0.07894736842105263
