sport,feature,missing_count,missing_pct
NBA,HOME_ELO_PRE,0,0.0
NBA,AWAY_ELO_PRE,0,0.0
NBA,ELO_DIFF,0,0.0
NBA,HOME_WIN_PCT_PRE,0,0.0
NBA,AWAY_WIN_PCT_PRE,0,0.0
NBA,WIN_PCT_DIFF,0,0.0
NBA,HOME_FORM_3,0,0.0
NBA,AWAY_FORM_3,0,0.0
NBA,FORM_3_DIFF,0,0.0
NBA,HOME_FORM_5,0,0.0
NBA,AWAY_FORM_5,0,0.0
NBA,FORM_DIFF,0,0.0
NBA,HOME_FORM_10,0,0.0
NBA,AWAY_FORM_10,0,0.0
NBA,FORM_10_DIFF,0,0.0
NBA,HOME_POINT_GOAL_DIFF_PRE,0,0.0
NBA,AWAY_POINT_GOAL_DIFF_PRE,0,0.0
NBA,POINT_GOAL_DIFF,0,0.0
NBA,HOME_OFFENSE_PRE,0,0.0
NBA,AWAY_OFFENSE_PRE,0,0.0
NBA,OFFENSE_DIFF,0,0.0
NBA,HOME_DEFENSE_ALLOWED_PRE,0,0.0
NBA,AWAY_DEFENSE_ALLOWED_PRE,0,0.0
NBA,DEFENSE_DIFF,0,0.0
NBA,HOME_REST_DAYS,0,0.0
NBA,AWAY_REST_DAYS,0,0.0
NBA,REST_DIFF,0,0.0
NBA,HOME_OPPONENT_ELO_PRE,0,0.0
NBA,AWAY_OPPONENT_ELO_PRE,0,0.0
NBA,HOME_SCHEDULE_STRENGTH_LAST5,0,0.0
NBA,AWAY_SCHEDULE_STRENGTH_LAST5,0,0.0
NBA,SCHEDULE_STRENGTH_DIFF,0,0.0
NBA,HOME_ADVANTAGE,0,0.0
NBA,OFF_RATING_DIFF,0,0.0
NBA,DEF_RATING_DIFF,0,0.0
NBA,NET_RATING_DIFF,0,0.0
NBA,EFG_DIFF,0,0.0
NBA,THREE_PT_DIFF,0,0.0
NFL,HOME_ELO_PRE,0,0.0
NFL,AWAY_ELO_PRE,0,0.0
NFL,ELO_DIFF,0,0.0
NFL,HOME_WIN_PCT_PRE,0,0.0
NFL,AWAY_WIN_PCT_PRE,0,0.0
NFL,WIN_PCT_DIFF,0,0.0
NFL,HOME_FORM_3,0,0.0
NFL,AWAY_FORM_3,0,0.0
NFL,FORM_3_DIFF,0,0.0
NFL,HOME_FORM_5,0,0.0
NFL,AWAY_FORM_5,0,0.0
NFL,FORM_DIFF,0,0.0
NFL,HOME_FORM_10,0,0.0
NFL,AWAY_FORM_10,0,0.0
NFL,FORM_10_DIFF,0,0.0
NFL,HOME_POINT_GOAL_DIFF_PRE,0,0.0
NFL,AWAY_POINT_GOAL_DIFF_PRE,0,0.0
NFL,POINT_GOAL_DIFF,0,0.0
NFL,HOME_OFFENSE_PRE,0,0.0
NFL,AWAY_OFFENSE_PRE,0,0.0
NFL,OFFENSE_DIFF,0,0.0
NFL,HOME_DEFENSE_ALLOWED_PRE,0,0.0
NFL,AWAY_DEFENSE_ALLOWED_PRE,0,0.0
NFL,DEFENSE_DIFF,0,0.0
NFL,HOME_REST_DAYS,0,0.0
NFL,AWAY_REST_DAYS,0,0.0
NFL,REST_DIFF,0,0.0
NFL,HOME_OPPONENT_ELO_PRE,0,0.0
NFL,AWAY_OPPONENT_ELO_PRE,0,0.0
NFL,HOME_SCHEDULE_STRENGTH_LAST5,0,0.0
NFL,AWAY_SCHEDULE_STRENGTH_LAST5,0,0.0
NFL,SCHEDULE_STRENGTH_DIFF,0,0.0
NFL,HOME_ADVANTAGE,0,0.0
Premier League,HOME_ELO_PRE,0,0.0
Premier League,AWAY_ELO_PRE,0,0.0
Premier League,ELO_DIFF,0,0.0
Premier League,HOME_WIN_PCT_PRE,0,0.0
Premier League,AWAY_WIN_PCT_PRE,0,0.0
Premier League,WIN_PCT_DIFF,0,0.0
Premier League,HOME_FORM_3,0,0.0
Premier League,AWAY_FORM_3,0,0.0
Premier League,FORM_3_DIFF,0,0.0
Premier League,HOME_FORM_5,0,0.0
Premier League,AWAY_FORM_5,0,0.0
Premier League,FORM_DIFF,0,0.0
Premier League,HOME_FORM_10,0,0.0
Premier League,AWAY_FORM_10,0,0.0
Premier League,FORM_10_DIFF,0,0.0
Premier League,HOME_POINT_GOAL_DIFF_PRE,0,0.0
Premier League,AWAY_POINT_GOAL_DIFF_PRE,0,0.0
Premier League,POINT_GOAL_DIFF,0,0.0
Premier League,HOME_OFFENSE_PRE,0,0.0
Premier League,AWAY_OFFENSE_PRE,0,0.0
Premier League,OFFENSE_DIFF,0,0.0
Premier League,HOME_DEFENSE_ALLOWED_PRE,0,0.0
Premier League,AWAY_DEFENSE_ALLOWED_PRE,0,0.0
Premier League,DEFENSE_DIFF,0,0.0
Premier League,HOME_REST_DAYS,0,0.0
Premier League,AWAY_REST_DAYS,0,0.0
Premier League,REST_DIFF,0,0.0
Premier League,HOME_OPPONENT_ELO_PRE,0,0.0
Premier League,AWAY_OPPONENT_ELO_PRE,0,0.0
Premier League,HOME_SCHEDULE_STRENGTH_LAST5,0,0.0
Premier League,AWAY_SCHEDULE_STRENGTH_LAST5,0,0.0
Premier League,SCHEDULE_STRENGTH_DIFF,0,0.0
Premier League,HOME_ADVANTAGE,0,0.0
Premier League,LEAGUE_POINTS_RATE_DIFF,0,0.0
Premier League,SHOTS_DIFF,0,0.0
Premier League,SHOTS_ON_TARGET_DIFF,0,0.0
