season_start,season_label,data_split,team_id,team_abbreviation,team_name,games,wins,losses,win_pct,avg_points,avg_points_allowed,avg_point_differential,avg_fg_pct,avg_fg3_pct,avg_ft_pct,avg_reb,avg_ast,avg_stl,avg_blk,avg_tov,avg_off_rating,avg_def_rating,avg_net_rating,avg_efg_pct,avg_ts_pct,avg_pace
2021,2021-22,TRAIN,1610612756,PHX,Phoenix Suns,82,64,18,0.7804878048780488,114.82926829268293,107.32926829268293,7.5,0.4857073170731708,0.3643780487804878,0.7953048780487806,45.292682926829265,27.365853658536587,8.560975609756097,4.378048780487805,12.926829268292684,114.32317073170732,106.87317073170732,7.451219512195122,0.5501951219512196,0.5819634146341464,100.26195121951218
2021,2021-22,TRAIN,1610612763,MEM,Memphis Grizzlies,82,56,26,0.6829268292682927,115.60975609756098,109.92682926829268,5.682926829268292,0.4621829268292683,0.35267073170731705,0.7385487804878049,49.170731707317074,25.98780487804878,9.75609756097561,6.5,13.195121951219512,114.29756097560976,109.08536585365853,5.217073170731707,0.5234878048780488,0.5537073170731707,100.52597560975609
2021,2021-22,TRAIN,1610612744,GSW,Golden State Warriors,82,53,29,0.6463414634146342,111.0,105.46341463414635,5.536585365853658,0.46918292682926827,0.36452439024390243,0.7717073170731708,45.48780487804878,27.109756097560975,8.768292682926829,4.536585365853658,14.890243902439025,112.13536585365854,106.6548780487805,5.484146341463415,0.5524268292682927,0.5826829268292683,98.73585365853658
2021,2021-22,TRAIN,1610612748,MIA,Miami Heat,82,53,29,0.6463414634146342,110.02439024390245,105.57317073170732,4.451219512195122,0.4680487804878049,0.3785609756097561,0.8125243902439023,43.71951219512195,25.48780487804878,7.390243902439025,3.231707317073171,14.560975609756097,113.08170731707318,108.5548780487805,4.528048780487805,0.5485,0.5855,96.56536585365853
2021,2021-22,TRAIN,1610612742,DAL,Dallas Mavericks,82,52,30,0.6341463414634146,108.02439024390245,104.71951219512195,3.3048780487804876,0.46230487804878045,0.3510243902439024,0.7751585365853659,43.02439024390244,23.390243902439025,6.7317073170731705,3.9634146341463414,12.5,112.65243902439025,109.10975609756098,3.552439024390244,0.5394634146341464,0.5727682926829268,95.6529268292683
2021,2021-22,TRAIN,1610612738,BOS,Boston Celtics,82,51,31,0.6219512195121951,111.7560975609756,104.47560975609755,7.280487804878049,0.46708536585365856,0.3524390243902439,0.8164878048780487,46.073170731707314,24.829268292682926,7.2073170731707314,5.829268292682927,13.634146341463415,113.73170731707317,106.18658536585365,7.550000000000001,0.5432073170731707,0.5799878048780488,97.23670731707317
2021,2021-22,TRAIN,1610612749,MIL,Milwaukee Bucks,82,51,31,0.6219512195121951,115.48780487804878,112.13414634146342,3.3536585365853657,0.46818292682926826,0.3656341463414634,0.7745,46.707317073170735,23.902439024390244,7.597560975609756,3.975609756097561,13.414634146341463,114.27439024390245,111.1219512195122,3.15609756097561,0.5469756097560976,0.5806829268292683,100.60280487804879
2021,2021-22,TRAIN,1610612755,PHI,Philadelphia 76ers,82,51,31,0.6219512195121951,109.9390243902439,107.32926829268293,2.6097560975609757,0.4670975609756097,0.36385365853658536,0.8169756097560976,42.31707317073171,23.71951219512195,7.719512195121951,5.304878048780488,12.524390243902438,112.96585365853659,110.24634146341464,2.714634146341463,0.5359634146341463,0.5799024390243902,96.7230487804878
2021,2021-22,TRAIN,1610612762,UTA,Utah Jazz,82,49,33,0.5975609756097561,113.60975609756098,107.57317073170732,6.036585365853658,0.4715609756097561,0.35986585365853657,0.7703536585365853,46.34146341463415,22.390243902439025,7.170731707317073,4.902439024390244,14.0,116.31341463414635,110.17317073170733,6.139024390243903,0.5562439024390244,0.5900975609756097,97.48341463414634
2021,2021-22,TRAIN,1610612743,DEN,Denver Nuggets,82,48,34,0.5853658536585366,112.71951219512195,110.41463414634147,2.3048780487804876,0.48379268292682925,0.3515487804878049,0.796329268292683,44.109756097560975,27.79268292682927,7.219512195121951,3.7195121951219514,14.5,113.76219512195122,111.5060975609756,2.25609756097561,0.5572926829268293,0.5905609756097561,98.41597560975609
2021,2021-22,TRAIN,1610612761,TOR,Toronto Raptors,82,48,34,0.5853658536585366,109.39024390243902,107.09756097560975,2.292682926829268,0.44569512195121946,0.34903658536585364,0.7617195121951219,45.329268292682926,22.0609756097561,9.0,4.585365853658536,12.451219512195122,112.18536585365854,110.01463414634148,2.1658536585365855,0.5111463414634146,0.5439268292682926,96.66182926829269
2021,2021-22,TRAIN,1610612741,CHI,Chicago Bulls,82,46,36,0.5609756097560976,111.60975609756098,112.0,-0.3902439024390244,0.4802560975609756,0.3665,0.8086097560975609,42.329268292682926,23.878048780487806,7.134146341463414,4.097560975609756,12.841463414634147,112.64512195121951,113.28048780487805,-0.6378048780487805,0.541280487804878,0.5793414634146341,98.76146341463414
2021,2021-22,TRAIN,1610612750,MIN,Minnesota Timberwolves,82,46,36,0.5609756097560976,115.9390243902439,113.3048780487805,2.6341463414634148,0.45813414634146343,0.3593292682926829,0.7762926829268293,44.15853658536585,25.682926829268293,8.792682926829269,5.609756097560975,14.329268292682928,113.73902439024391,111.04756097560976,2.6792682926829268,0.5395487804878049,0.5740853658536585,101.48853658536585
2021,2021-22,TRAIN,1610612739,CLE,Cleveland Cavaliers,82,44,38,0.5365853658536586,107.79268292682927,105.67073170731707,2.1219512195121952,0.46967073170731705,0.35281707317073174,0.7667073170731707,44.18292682926829,25.170731707317074,7.073170731707317,4.182926829268292,14.402439024390244,110.92073170731707,108.92926829268293,1.9926829268292683,0.5382682926829268,0.5720731707317074,96.84024390243901
2021,2021-22,TRAIN,1610612751,BKN,Brooklyn Nets,82,44,38,0.5365853658536586,112.90243902439025,112.1219512195122,0.7804878048780488,0.476719512195122,0.3596463414634146,0.8039999999999999,44.390243902439025,25.25609756097561,7.097560975609756,5.463414634146342,14.060975609756097,113.28170731707317,112.41341463414633,0.873170731707317,0.5420121951219512,0.5781341463414633,99.39341463414634
2021,2021-22,TRAIN,1610612737,ATL,Atlanta Hawks,82,43,39,0.524390243902439,113.9390243902439,112.3780487804878,1.5609756097560976,0.47113414634146344,0.3717439024390244,0.8117682926829268,43.97560975609756,24.597560975609756,7.158536585365853,4.2439024390243905,11.853658536585366,115.31951219512196,113.72439024390243,1.5987804878048784,0.5445487804878049,0.5820731707317074,98.67707317073172
2021,2021-22,TRAIN,1610612766,CHA,Charlotte Hornets,82,43,39,0.524390243902439,115.32926829268293,114.89024390243902,0.43902439024390244,0.46993902439024393,0.3652073170731707,0.7422439024390244,44.573170731707314,28.073170731707318,8.621951219512194,4.902439024390244,13.25609756097561,113.72439024390243,113.14390243902439,0.5817073170731708,0.5465,0.573890243902439,100.54024390243902
2021,2021-22,TRAIN,1610612746,LAC,Los Angeles Clippers,82,42,40,0.5121951219512195,108.41463414634147,108.39024390243902,0.024390243902439025,0.458780487804878,0.37303658536585366,0.7897439024390244,43.98780487804878,24.01219512195122,7.414634146341464,4.951219512195122,13.731707317073171,109.48048780487804,109.58658536585367,-0.11219512195121954,0.5319268292682927,0.5651707317073171,98.53829268292684
2021,2021-22,TRAIN,1610612752,NYK,New York Knicks,82,37,45,0.45121951219512196,106.47560975609755,106.59756097560975,-0.12195121951219512,0.43697560975609756,0.35668292682926833,0.7431951219512195,46.1219512195122,21.865853658536587,6.951219512195122,4.865853658536586,13.25609756097561,109.72560975609755,110.14268292682928,-0.42195121951219494,0.5137439024390245,0.550390243902439,96.39243902439024
2021,2021-22,TRAIN,1610612740,NOP,New Orleans Pelicans,82,36,46,0.43902439024390244,109.29268292682927,110.28048780487805,-0.9878048780487805,0.45795121951219514,0.33556097560975606,0.7897682926829268,45.207317073170735,24.963414634146343,8.292682926829269,4.0,14.060975609756097,111.26097560975609,112.00975609756097,-0.7499999999999998,0.5187682926829269,0.5579390243902439,98.02182926829268
2021,2021-22,TRAIN,1610612764,WAS,Washington Wizards,82,35,47,0.4268292682926829,108.6219512195122,112.0,-3.3780487804878048,0.4721951219512195,0.3429390243902439,0.7800487804878049,43.109756097560975,25.024390243902438,6.365853658536586,4.951219512195122,13.134146341463415,110.23658536585366,113.7329268292683,-3.492682926829268,0.5332439024390244,0.568890243902439,97.79243902439023
2021,2021-22,TRAIN,1610612759,SAS,San Antonio Spurs,82,34,48,0.4146341463414634,113.15853658536585,113.03658536585365,0.12195121951219512,0.4670243902439024,0.35059756097560973,0.7547439024390244,45.31707317073171,27.914634146341463,7.634146341463414,4.914634146341464,12.71951219512195,111.91463414634147,111.72560975609755,0.1926829268292684,0.5280243902439025,0.5568780487804879,100.49865853658535
2021,2021-22,TRAIN,1610612747,LAL,Los Angeles Lakers,82,33,49,0.4024390243902439,112.09756097560975,115.14634146341463,-3.048780487804878,0.4691463414634146,0.3468170731707317,0.7352073170731708,44.0,24.0,7.634146341463414,5.182926829268292,14.524390243902438,110.06463414634146,112.90853658536585,-2.846341463414634,0.536939024390244,0.5671707317073171,100.48939024390243
2021,2021-22,TRAIN,1610612758,SAC,Sacramento Kings,82,30,52,0.36585365853658536,110.3048780487805,115.76829268292683,-5.463414634146342,0.46092682926829265,0.3462682926829268,0.7685609756097561,42.9390243902439,23.695121951219512,7.170731707317073,4.5,14.097560975609756,109.54756097560976,114.8719512195122,-5.330487804878049,0.5259024390243903,0.562,100.11682926829268
2021,2021-22,TRAIN,1610612757,POR,Portland Trail Blazers,82,27,55,0.32926829268292684,106.23170731707317,115.10975609756098,-8.878048780487806,0.4431951219512195,0.3424390243902439,0.7564878048780488,42.86585365853659,22.926829268292682,8.012195121951219,4.463414634146342,14.475609756097562,107.39878048780488,116.49756097560974,-9.101219512195122,0.5164146341463415,0.5506951219512195,98.74329268292682
2021,2021-22,TRAIN,1610612754,IND,Indiana Pacers,82,25,57,0.3048780487804878,111.46341463414635,114.9390243902439,-3.475609756097561,0.4637317073170732,0.3444878048780488,0.7714878048780488,43.853658536585364,25.378048780487806,7.097560975609756,5.573170731707317,14.426829268292684,111.96097560975609,115.52317073170731,-3.5646341463414637,0.5317926829268292,0.5645,98.55000000000001
2021,2021-22,TRAIN,1610612760,OKC,Oklahoma City Thunder,82,24,58,0.2926829268292683,103.73170731707317,111.82926829268293,-8.097560975609756,0.4301341463414634,0.3228780487804878,0.7559878048780487,45.6219512195122,22.21951219512195,7.585365853658536,4.634146341463414,13.963414634146341,103.70121951219512,111.68658536585365,-7.986585365853658,0.4983658536585366,0.5301219512195122,99.40426829268293
2021,2021-22,TRAIN,1610612765,DET,Detroit Pistons,82,23,59,0.2804878048780488,104.82926829268293,112.54878048780488,-7.719512195121951,0.4313902439024391,0.3271829268292683,0.7814390243902439,42.98780487804878,23.463414634146343,7.682926829268292,4.7926829268292686,14.182926829268293,105.63292682926829,113.19390243902438,-7.557317073170732,0.4950365853658537,0.5340243902439025,98.82378048780488
2021,2021-22,TRAIN,1610612753,ORL,Orlando Magic,82,22,60,0.2682926829268293,104.23170731707317,112.23170731707317,-8.0,0.43403658536585366,0.3298048780487805,0.7877560975609756,44.28048780487805,23.74390243902439,6.7682926829268295,4.475609756097561,14.487804878048781,103.95121951219512,112.03414634146341,-8.081707317073171,0.503,0.5381341463414634,99.72073170731707
2021,2021-22,TRAIN,1610612745,HOU,Houston Rockets,82,20,62,0.24390243902439024,109.71951219512195,118.1951219512195,-8.475609756097562,0.4569756097560976,0.34585365853658534,0.712719512195122,42.02439024390244,23.5609756097561,7.317073170731708,4.658536585365853,16.475609756097562,108.1560975609756,116.4060975609756,-8.25,0.5349268292682926,0.5656463414634146,101.1539024390244
2022,2022-23,TRAIN,1610612749,MIL,Milwaukee Bucks,82,58,24,0.7073170731707317,116.9390243902439,113.3048780487805,3.6341463414634148,0.47409756097560973,0.36791463414634146,0.7445365853658537,48.63414634146341,25.79268292682927,6.353658536585366,4.914634146341464,14.621951219512194,114.30365853658536,111.03902439024391,3.2634146341463417,0.5563658536585366,0.5845121951219512,101.45414634146341
2022,2022-23,TRAIN,1610612738,BOS,Boston Celtics,82,57,25,0.6951219512195121,117.9390243902439,111.41463414634147,6.524390243902439,0.4763048780487805,0.37540243902439024,0.8096463414634147,45.329268292682926,26.658536585365855,6.353658536585366,5.2439024390243905,13.353658536585366,117.43536585365854,110.64390243902439,6.796341463414634,0.5667560975609757,0.6017560975609756,99.1590243902439
2022,2022-23,TRAIN,1610612755,PHI,Philadelphia 76ers,82,54,28,0.6585365853658537,115.21951219512195,110.90243902439025,4.317073170731708,0.4876951219512195,0.38501219512195123,0.8349756097560976,40.926829268292686,25.158536585365855,7.7439024390243905,4.7439024390243905,13.670731707317072,117.15365853658537,112.85853658536585,4.295121951219512,0.5632682926829269,0.6082439024390244,97.45512195121951
2022,2022-23,TRAIN,1610612743,DEN,Denver Nuggets,82,53,29,0.6463414634146342,115.79268292682927,112.46341463414635,3.3292682926829267,0.5053658536585366,0.3760121951219512,0.7536585365853659,43.01219512195122,28.878048780487806,7.536585365853658,4.487804878048781,14.536585365853659,116.85853658536585,113.60609756097561,3.2560975609756095,0.5739146341463415,0.6026829268292683,98.74378048780487
2022,2022-23,TRAIN,1610612739,CLE,Cleveland Cavaliers,82,51,31,0.6219512195121951,112.2560975609756,106.8780487804878,5.378048780487805,0.4895121951219512,0.3663170731707317,0.783670731707317,41.08536585365854,24.9390243902439,7.146341463414634,4.682926829268292,13.341463414634147,115.50975609756097,109.89390243902439,5.609756097560975,0.557890243902439,0.5923658536585366,96.27268292682926
2022,2022-23,TRAIN,1610612763,MEM,Memphis Grizzlies,82,51,31,0.6219512195121951,116.91463414634147,112.97560975609755,3.9390243902439024,0.4752317073170732,0.349780487804878,0.7411829268292683,46.6219512195122,26.036585365853657,8.292682926829269,5.7682926829268295,13.609756097560975,114.75853658536586,110.74878048780488,4.010975609756097,0.5405243902439024,0.5710975609756097,101.51219512195122
2022,2022-23,TRAIN,1610612758,SAC,Sacramento Kings,82,48,34,0.5853658536585366,120.70731707317073,118.0609756097561,2.6463414634146343,0.4945731707317073,0.36771951219512194,0.7918536585365854,42.451219512195124,27.28048780487805,7.0,3.3536585365853657,13.487804878048781,118.61463414634146,116.09024390243901,2.518292682926829,0.5729146341463415,0.6090853658536586,100.97158536585366
2022,2022-23,TRAIN,1610612752,NYK,New York Knicks,82,47,35,0.573170731707317,116.02439024390245,113.09756097560975,2.926829268292683,0.4710731707317073,0.3538414634146341,0.7587926829268293,46.59756097560975,22.926829268292682,6.426829268292683,4.146341463414634,12.987804878048781,116.98048780487804,114.19878048780487,2.779268292682927,0.5424268292682927,0.5785,97.77121951219512
2022,2022-23,TRAIN,1610612751,BKN,Brooklyn Nets,82,45,37,0.5487804878048781,113.35365853658537,112.5,0.8536585365853658,0.48848780487804877,0.3801341463414634,0.801109756097561,40.51219512195122,25.524390243902438,7.134146341463414,6.170731707317073,13.74390243902439,114.74146341463414,113.52439024390245,1.2097560975609756,0.5639390243902439,0.5995243902439025,98.76865853658536
2022,2022-23,TRAIN,1610612756,PHX,Phoenix Suns,82,45,37,0.5487804878048781,113.64634146341463,111.57317073170732,2.073170731707317,0.4680975609756098,0.3713170731707317,0.7944512195121951,44.24390243902439,27.25609756097561,7.134146341463414,5.2682926829268295,13.536585365853659,114.5,112.31219512195122,2.1865853658536585,0.536109756097561,0.5710000000000001,98.84414634146341
2022,2022-23,TRAIN,1610612744,GSW,Golden State Warriors,82,44,38,0.5365853658536586,118.9390243902439,117.13414634146342,1.8048780487804879,0.4797926829268293,0.3846341463414634,0.7935243902439024,44.59756097560975,29.829268292682926,7.170731707317073,3.951219512195122,16.29268292682927,115.25,113.52073170731708,1.726829268292683,0.5723414634146342,0.602390243902439,102.52853658536586
2022,2022-23,TRAIN,1610612746,LAC,Los Angeles Clippers,82,44,38,0.5365853658536586,113.58536585365853,113.08536585365853,0.5,0.47906097560975613,0.377,0.7750853658536586,43.23170731707317,23.890243902439025,7.073170731707317,4.439024390243903,14.231707317073171,114.03658536585365,113.59146341463415,0.4499999999999999,0.5534512195121951,0.5895365853658536,98.81780487804879
2022,2022-23,TRAIN,1610612748,MIA,Miami Heat,82,44,38,0.5365853658536586,109.47560975609755,109.79268292682927,-0.3170731707317073,0.4604512195121951,0.34431707317073174,0.8281829268292683,40.59756097560975,23.841463414634145,7.987804878048781,2.9634146341463414,13.487804878048781,112.41341463414633,112.97926829268292,-0.5658536585365853,0.5309390243902439,0.575109756097561,96.75134146341463
2022,2022-23,TRAIN,1610612747,LAL,Los Angeles Lakers,82,43,39,0.524390243902439,117.17073170731707,116.59756097560975,0.573170731707317,0.48309756097560974,0.3480365853658537,0.7733536585365853,45.707317073170735,25.26829268292683,6.414634146341464,4.609756097560975,14.073170731707316,114.06951219512196,113.36219512195123,0.7158536585365853,0.5439146341463414,0.5831585365853659,101.9329268292683
2022,2022-23,TRAIN,1610612740,NOP,New Orleans Pelicans,82,42,40,0.5121951219512195,114.36585365853658,112.47560975609755,1.8902439024390243,0.48135365853658535,0.3615609756097561,0.7949024390243903,43.69512195121951,25.878048780487806,8.304878048780488,4.109756097560975,14.585365853658537,113.89878048780488,112.03536585365853,1.8658536585365855,0.5442317073170732,0.5832926829268292,99.56329268292683
2022,2022-23,TRAIN,1610612750,MIN,Minnesota Timberwolves,82,42,40,0.5121951219512195,115.78048780487805,115.8170731707317,-0.036585365853658534,0.49203658536585365,0.3635121951219512,0.7549146341463414,41.890243902439025,26.158536585365855,8.012195121951219,5.414634146341464,15.341463414634147,113.31341463414635,113.1219512195122,0.19268292682926827,0.5617073170731708,0.5935,101.56768292682926
2022,2022-23,TRAIN,1610612737,ATL,Atlanta Hawks,82,41,41,0.5,118.42682926829268,118.13414634146342,0.2926829268292683,0.48432926829268297,0.35339024390243906,0.8196585365853659,44.3780487804878,24.98780487804878,7.073170731707317,4.890243902439025,12.926829268292684,115.62682926829268,115.4560975609756,0.17073170731707318,0.5430975609756098,0.5806097560975609,101.5360975609756
2022,2022-23,TRAIN,1610612761,TOR,Toronto Raptors,82,41,41,0.5,112.85365853658537,111.3780487804878,1.475609756097561,0.45956097560975606,0.3361585365853659,0.7870609756097561,43.02439024390244,23.914634146341463,9.414634146341463,5.170731707317073,11.658536585365853,114.67560975609756,113.23780487804878,1.4365853658536585,0.5184512195121951,0.556560975609756,97.86024390243902
2022,2022-23,TRAIN,1610612741,CHI,Chicago Bulls,82,40,42,0.4878048780487805,113.1219512195122,111.82926829268293,1.2926829268292683,0.4914512195121951,0.357,0.8077560975609757,42.353658536585364,24.463414634146343,7.853658536585366,4.524390243902439,13.378048780487806,112.87926829268294,111.52317073170731,1.348780487804878,0.5517560975609757,0.588280487804878,99.21621951219511
2022,2022-23,TRAIN,1610612760,OKC,Oklahoma City Thunder,82,40,42,0.4878048780487805,117.47560975609755,116.39024390243902,1.0853658536585367,0.4665853658536585,0.356890243902439,0.8043536585365852,43.65853658536585,24.414634146341463,8.24390243902439,4.158536585365853,13.048780487804878,114.19268292682926,113.25243902439026,0.9378048780487805,0.5322073170731707,0.5713414634146342,101.95378048780486
2022,2022-23,TRAIN,1610612742,DAL,Dallas Mavericks,82,38,44,0.4634146341463415,114.21951219512195,114.14634146341463,0.07317073170731707,0.476280487804878,0.3713170731707317,0.7491463414634146,38.792682926829265,22.926829268292682,6.2682926829268295,3.707317073170732,12.21951219512195,115.92317073170733,116.12682926829268,-0.20121951219512205,0.5668536585365853,0.6004756097560975,97.20475609756097
2022,2022-23,TRAIN,1610612762,UTA,Utah Jazz,82,37,45,0.45121951219512196,117.07317073170732,118.01219512195122,-0.9390243902439024,0.47414634146341467,0.35198780487804876,0.7821585365853658,45.8780487804878,25.963414634146343,6.097560975609756,5.2317073170731705,15.353658536585366,115.32682926829267,116.11829268292684,-0.7914634146341464,0.5487682926829268,0.5849390243902439,101.02243902439025
2022,2022-23,TRAIN,1610612754,IND,Indiana Pacers,82,35,47,0.4268292682926829,116.28048780487805,119.46341463414635,-3.182926829268293,0.4699146341463415,0.3659512195121951,0.7890121951219512,41.548780487804876,26.98780487804878,7.695121951219512,5.829268292682927,14.926829268292684,113.8890243902439,117.23048780487804,-3.3378048780487806,0.5459024390243903,0.5825,101.69768292682926
2022,2022-23,TRAIN,1610612764,WAS,Washington Wizards,82,35,47,0.4268292682926829,113.15853658536585,114.36585365853658,-1.2073170731707317,0.486890243902439,0.35423170731707315,0.7874268292682927,43.63414634146341,25.402439024390244,6.841463414634147,5.170731707317073,14.121951219512194,113.78780487804879,114.97317073170731,-1.1902439024390246,0.5520365853658536,0.5865731707317073,99.18109756097562
2022,2022-23,TRAIN,1610612753,ORL,Orlando Magic,82,34,48,0.4146341463414634,111.41463414634147,113.97560975609755,-2.5609756097560976,0.4714512195121951,0.34807317073170735,0.7846341463414634,43.24390243902439,23.24390243902439,7.353658536585366,4.658536585365853,15.073170731707316,111.37439024390245,113.67073170731707,-2.2902439024390246,0.5342439024390244,0.5743414634146341,99.67353658536585
2022,2022-23,TRAIN,1610612757,POR,Portland Trail Blazers,82,33,49,0.4024390243902439,113.40243902439025,117.41463414634147,-4.012195121951219,0.4747682926829268,0.3641463414634146,0.7976585365853659,40.548780487804876,24.158536585365855,6.7439024390243905,4.585365853658536,14.451219512195122,114.07560975609756,118.04512195121953,-3.9804878048780483,0.5504634146341463,0.5901463414634147,99.24914634146342
2022,2022-23,TRAIN,1610612766,CHA,Charlotte Hornets,82,27,55,0.32926829268292684,110.95121951219512,117.1951219512195,-6.2439024390243905,0.45834146341463416,0.3294756097560976,0.7491585365853658,44.53658536585366,25.146341463414632,7.7317073170731705,5.182926829268292,14.195121951219512,108.45487804878047,114.8451219512195,-6.390243902439025,0.5178536585365854,0.5522073170731707,101.49719512195122
2022,2022-23,TRAIN,1610612745,HOU,Houston Rockets,82,22,60,0.2682926829268293,110.7439024390244,118.59756097560975,-7.853658536585366,0.45720731707317075,0.32314634146341464,0.7520975609756098,46.28048780487805,22.378048780487806,7.317073170731708,4.560975609756097,16.24390243902439,110.44390243902438,118.66219512195121,-8.220731707317073,0.5161463414634146,0.5542682926829269,99.75414634146341
2022,2022-23,TRAIN,1610612759,SAS,San Antonio Spurs,82,22,60,0.2682926829268293,113.03658536585365,123.07317073170732,-10.036585365853659,0.4674146341463415,0.34648780487804876,0.7402682926829268,43.707317073170735,27.21951219512195,6.975609756097561,3.926829268292683,15.28048780487805,109.81585365853658,119.72073170731707,-9.898780487804878,0.5278170731707317,0.5564756097560976,102.09475609756097
2022,2022-23,TRAIN,1610612765,DET,Detroit Pistons,82,17,65,0.2073170731707317,110.3048780487805,118.52439024390245,-8.21951219512195,0.4547682926829268,0.3478780487804878,0.7717560975609756,42.4390243902439,22.975609756097562,7.0,3.7560975609756095,15.085365853658537,109.89024390243902,117.8048780487805,-7.903658536585366,0.5204756097560976,0.5611219512195122,99.87256097560976
2023,2023-24,TRAIN,1610612738,BOS,Boston Celtics,82,64,18,0.7804878048780488,120.57317073170732,109.23170731707317,11.341463414634147,0.48765853658536584,0.38759756097560977,0.7958902439024391,46.329268292682926,26.914634146341463,6.7926829268292686,6.560975609756097,11.939024390243903,122.33170731707318,110.69024390243902,11.645121951219512,0.579219512195122,0.6097926829268293,97.99365853658536
2023,2023-24,TRAIN,1610612743,DEN,Denver Nuggets,82,57,25,0.6951219512195121,114.85365853658537,109.59756097560975,5.2560975609756095,0.49702439024390244,0.3732682926829268,0.7596219512195123,44.426829268292686,29.451219512195124,7.134146341463414,5.560975609756097,12.634146341463415,117.86707317073171,112.3890243902439,5.469512195121951,0.563,0.590170731707317,97.43585365853659
2023,2023-24,TRAIN,1610612760,OKC,Oklahoma City Thunder,82,57,25,0.6951219512195121,120.08536585365853,112.67073170731707,7.414634146341464,0.5000243902439024,0.38720731707317074,0.8296829268292684,42.03658536585366,27.109756097560975,8.463414634146341,6.560975609756097,12.670731707317072,118.27195121951219,111.14024390243902,7.134146341463414,0.5745853658536585,0.6094268292682927,100.87548780487806
2023,2023-24,TRAIN,1610612750,MIN,Minnesota Timberwolves,82,56,26,0.6829268292682927,112.97560975609755,106.52439024390245,6.451219512195122,0.4865731707317073,0.38701219512195123,0.774780487804878,43.609756097560975,26.634146341463413,7.890243902439025,6.048780487804878,14.170731707317072,114.75,108.51341463414634,6.235365853658537,0.5611585365853659,0.5951585365853658,97.81121951219512
2023,2023-24,TRAIN,1610612746,LAC,Los Angeles Clippers,82,51,31,0.6219512195121951,115.6219512195122,112.34146341463415,3.2804878048780486,0.48913414634146346,0.3824268292682927,0.8299878048780488,42.96341463414634,25.573170731707318,7.804878048780488,5.036585365853658,13.146341463414634,117.92926829268293,114.66219512195121,3.274390243902439,0.5624390243902438,0.6005853658536585,97.9289024390244
2023,2023-24,TRAIN,1610612742,DAL,Dallas Mavericks,82,50,32,0.6097560975609756,117.85365853658537,115.64634146341463,2.207317073170732,0.48148780487804876,0.3670121951219512,0.7531829268292684,42.9390243902439,25.682926829268293,6.865853658536586,4.951219512195122,12.524390243902438,116.93780487804878,114.94268292682926,2.0,0.5629878048780488,0.5922682926829269,100.59621951219512
2023,2023-24,TRAIN,1610612752,NYK,New York Knicks,82,50,32,0.6097560975609756,112.79268292682927,108.20731707317073,4.585365853658536,0.46629268292682924,0.36946341463414634,0.7818414634146342,45.170731707317074,24.365853658536587,7.463414634146342,4.097560975609756,13.231707317073171,117.37682926829268,112.35243902439024,5.024390243902439,0.5409878048780488,0.5749512195121951,95.96451219512196
2023,2023-24,TRAIN,1610612740,NOP,New Orleans Pelicans,82,49,33,0.5975609756097561,115.07317073170732,110.65853658536585,4.414634146341464,0.4867682926829268,0.3781341463414634,0.7708414634146342,43.96341463414634,26.951219512195124,8.341463414634147,4.609756097560975,13.012195121951219,116.4719512195122,111.8780487804878,4.6,0.5580365853658537,0.5914268292682927,98.69987804878049
2023,2023-24,TRAIN,1610612749,MIL,Milwaukee Bucks,82,49,33,0.5975609756097561,118.97560975609755,116.35365853658537,2.6219512195121952,0.48801219512195126,0.3726829268292683,0.7709756097560976,44.170731707317074,26.536585365853657,6.804878048780488,5.024390243902439,12.914634146341463,117.63292682926829,115.07195121951219,2.548780487804878,0.5683658536585366,0.6015365853658536,100.5090243902439
2023,2023-24,TRAIN,1610612756,PHX,Phoenix Suns,82,49,33,0.5975609756097561,116.2439024390244,113.1829268292683,3.0609756097560976,0.4945487804878048,0.3798658536585366,0.808280487804878,44.073170731707314,27.048780487804876,7.439024390243903,6.0,14.890243902439025,117.03048780487805,113.88780487804877,3.1500000000000004,0.5670365853658537,0.6050121951219511,99.01780487804878
2023,2023-24,TRAIN,1610612739,CLE,Cleveland Cavaliers,82,48,34,0.5853658536585366,112.63414634146342,110.21951219512195,2.4146341463414633,0.4795609756097561,0.3663780487804878,0.7623414634146342,43.292682926829265,28.036585365853657,7.378048780487805,4.634146341463414,13.560975609756097,114.74268292682926,112.24634146341464,2.497560975609756,0.5570731707317074,0.5866951219512195,97.63609756097561
2023,2023-24,TRAIN,1610612747,LAL,Los Angeles Lakers,82,47,35,0.573170731707317,118.03658536585365,117.4390243902439,0.5975609756097561,0.49960975609756103,0.37426829268292683,0.7741707317073171,43.109756097560975,28.524390243902438,7.378048780487805,5.536585365853658,13.975609756097562,115.41341463414633,114.92682926829268,0.4878048780487803,0.5673658536585366,0.6018780487804878,101.3689024390244
2023,2023-24,TRAIN,1610612753,ORL,Orlando Magic,82,47,35,0.573170731707317,110.46341463414635,108.4390243902439,2.024390243902439,0.4777682926829268,0.35223170731707315,0.7586951219512196,42.30487804878049,24.670731707317074,8.158536585365853,5.158536585365853,14.707317073170731,112.90853658536585,110.75731707317074,2.153658536585366,0.5427439024390244,0.5786463414634146,97.38804878048781
2023,2023-24,TRAIN,1610612754,IND,Indiana Pacers,82,47,35,0.573170731707317,123.29268292682927,120.2439024390244,3.048780487804878,0.5085000000000001,0.37285365853658536,0.7815975609756097,41.52439024390244,30.75609756097561,7.695121951219512,5.865853658536586,12.914634146341463,120.46829268292683,117.5670731707317,2.902439024390244,0.580170731707317,0.6077682926829269,102.1589024390244
2023,2023-24,TRAIN,1610612755,PHI,Philadelphia 76ers,82,47,35,0.573170731707317,114.59756097560975,111.54878048780488,3.048780487804878,0.46545121951219515,0.36003658536585365,0.8231951219512195,42.951219512195124,24.890243902439025,8.463414634146341,6.0,12.0,116.1219512195122,113.15365853658537,2.9658536585365853,0.5334146341463415,0.575048780487805,98.16048780487804
2023,2023-24,TRAIN,1610612744,GSW,Golden State Warriors,82,46,36,0.5609756097560976,117.76829268292683,115.15853658536585,2.6097560975609757,0.47793902439024394,0.3790609756097561,0.777219512195122,46.707317073170735,29.29268292682927,6.975609756097561,4.597560975609756,14.317073170731707,116.96951219512195,114.46463414634147,2.508536585365854,0.5587682926829268,0.5878292682926829,99.88658536585366
2023,2023-24,TRAIN,1610612748,MIA,Miami Heat,82,46,36,0.5609756097560976,110.14634146341463,108.39024390243902,1.7560975609756098,0.4654634146341463,0.37,0.8168048780487804,42.292682926829265,25.804878048780488,7.524390243902439,3.4146341463414633,12.658536585365853,113.24634146341464,111.60000000000001,1.6451219512195123,0.5384512195121951,0.5780121951219512,96.89926829268292
2023,2023-24,TRAIN,1610612758,SAC,Sacramento Kings,82,46,36,0.5609756097560976,116.5609756097561,114.8170731707317,1.7439024390243902,0.476719512195122,0.36559756097560975,0.7403048780487804,43.98780487804878,28.341463414634145,7.621951219512195,4.170731707317073,13.146341463414634,116.13780487804877,114.4560975609756,1.6817073170731704,0.5558048780487805,0.5827317073170731,99.46670731707317
2023,2023-24,TRAIN,1610612745,HOU,Houston Rockets,82,41,41,0.5,114.32926829268293,113.20731707317073,1.1219512195121952,0.4594756097560976,0.3520609756097561,0.7695975609756097,45.451219512195124,24.817073170731707,7.7926829268292686,4.573170731707317,12.74390243902439,113.69634146341464,112.86585365853658,0.8304878048780487,0.529890243902439,0.565609756097561,99.59731707317073
2023,2023-24,TRAIN,1610612741,CHI,Chicago Bulls,82,39,43,0.47560975609756095,112.26829268292683,113.70731707317073,-1.4390243902439024,0.4713536585365854,0.3569024390243903,0.7927439024390244,43.81707317073171,24.975609756097562,7.780487804878049,4.804878048780488,12.24390243902439,113.99756097560974,115.84024390243901,-1.848780487804878,0.5357439024390244,0.5699146341463415,96.94
2023,2023-24,TRAIN,1610612737,ATL,Atlanta Hawks,82,36,46,0.43902439024390244,118.1219512195122,120.35365853658537,-2.231707317073171,0.4663292682926829,0.36379268292682926,0.7938414634146341,44.59756097560975,26.5609756097561,7.5,4.487804878048781,13.524390243902438,116.31463414634146,118.30731707317074,-2.0,0.5407682926829269,0.5769634146341464,100.87024390243903
2023,2023-24,TRAIN,1610612751,BKN,Brooklyn Nets,82,32,50,0.3902439024390244,110.36585365853658,113.2560975609756,-2.8902439024390243,0.45710975609756094,0.3618170731707317,0.7619390243902439,44.0609756097561,25.634146341463413,6.780487804878049,5.170731707317073,13.121951219512194,112.46341463414635,115.35975609756098,-2.9012195121951225,0.5319634146341463,0.5623292682926829,97.55621951219511
2023,2023-24,TRAIN,1610612762,UTA,Utah Jazz,82,31,51,0.3780487804878049,115.5,120.34146341463415,-4.841463414634147,0.4675975609756098,0.3534390243902439,0.8313658536585365,45.390243902439025,27.182926829268293,6.536585365853658,5.573170731707317,15.658536585365853,114.49268292682926,119.61829268292684,-5.124390243902439,0.5398414634146342,0.5797560975609756,100.28500000000001
2023,2023-24,TRAIN,1610612763,MEM,Memphis Grizzlies,82,27,55,0.32926829268292684,105.8170731707317,112.8170731707317,-7.0,0.4352926829268293,0.3452317073170732,0.7643536585365853,42.609756097560975,24.695121951219512,8.207317073170731,6.109756097560975,15.073170731707316,106.83414634146341,113.73414634146343,-6.906097560975609,0.5095853658536585,0.5439390243902439,98.67414634146341
2023,2023-24,TRAIN,1610612761,TOR,Toronto Raptors,82,25,57,0.3048780487804878,112.35365853658537,118.79268292682927,-6.439024390243903,0.47159756097560973,0.34582926829268296,0.7575121951219512,42.65853658536585,28.475609756097562,7.7317073170731705,4.7317073170731705,13.987804878048781,111.82682926829267,118.16341463414633,-6.336585365853659,0.536109756097561,0.5668780487804879,99.94695121951219
2023,2023-24,TRAIN,1610612759,SAS,San Antonio Spurs,82,22,60,0.2682926829268293,112.09756097560975,118.58536585365853,-6.487804878048781,0.46335365853658533,0.34863414634146345,0.7777439024390244,44.23170731707317,29.865853658536587,7.121951219512195,6.341463414634147,15.146341463414634,109.41097560975611,115.70487804878047,-6.2926829268292686,0.5333048780487805,0.5644146341463414,101.81560975609756
2023,2023-24,TRAIN,1610612757,POR,Portland Trail Blazers,82,21,61,0.25609756097560976,106.36585365853658,115.39024390243902,-9.024390243902438,0.439670731707317,0.3456585365853659,0.7932560975609756,42.74390243902439,23.097560975609756,7.646341463414634,4.317073170731708,15.231707317073171,107.68414634146342,116.6719512195122,-8.991463414634145,0.5034634146341463,0.5395121951219513,97.89170731707317
2023,2023-24,TRAIN,1610612766,CHA,Charlotte Hornets,82,21,61,0.25609756097560976,106.58536585365853,116.82926829268293,-10.24390243902439,0.4611951219512195,0.35336585365853657,0.788780487804878,40.28048780487805,24.79268292682927,6.853658536585366,4.524390243902439,13.768292682926829,108.65243902439025,119.35731707317072,-10.696341463414635,0.5310121951219512,0.5622317073170732,97.81268292682927
2023,2023-24,TRAIN,1610612764,WAS,Washington Wizards,82,15,67,0.18292682926829268,113.7439024390244,123.03658536585365,-9.292682926829269,0.4708414634146342,0.34748780487804876,0.7651341463414634,41.073170731707314,27.926829268292682,7.597560975609756,5.060975609756097,13.987804878048781,110.21463414634147,118.86219512195123,-8.649999999999999,0.5386463414634146,0.5679268292682926,103.08012195121951
2023,2023-24,TRAIN,1610612765,DET,Detroit Pistons,82,14,68,0.17073170731707318,109.8780487804878,118.98780487804878,-9.109756097560975,0.46397560975609753,0.3487804878048781,0.785,43.329268292682926,25.463414634146343,6.475609756097561,4.682926829268292,15.21951219512195,108.97317073170731,117.98414634146343,-9.007317073170732,0.5268780487804878,0.5626463414634146,100.45975609756098
2024,2024-25,VALIDATION,1610612760,OKC,Oklahoma City Thunder,81,67,14,0.8271604938271605,120.61728395061728,107.77777777777777,12.839506172839506,0.48246913580246914,0.37372839506172845,0.8183580246913581,44.80246913580247,26.950617283950617,10.308641975308642,5.691358024691358,11.716049382716049,119.29135802469136,106.74814814814815,12.544444444444444,0.5609876543209876,0.5933086419753086,100.9216049382716
2024,2024-25,VALIDATION,1610612739,CLE,Cleveland Cavaliers,82,64,18,0.7804878048780488,121.9390243902439,112.40243902439025,9.536585365853659,0.4914512195121951,0.384609756097561,0.7717317073170731,45.40243902439025,28.097560975609756,8.170731707317072,4.2682926829268295,13.195121951219512,121.03170731707317,111.8719512195122,9.152439024390244,0.5790000000000001,0.6085365853658536,100.30121951219513
2024,2024-25,VALIDATION,1610612738,BOS,Boston Celtics,82,61,21,0.7439024390243902,116.26829268292683,107.15853658536585,9.109756097560975,0.46312195121951216,0.3690731707317073,0.8006951219512195,45.31707317073171,26.146341463414632,7.182926829268292,5.512195121951219,11.865853658536585,119.68048780487804,110.22682926829269,9.454878048780488,0.5618780487804877,0.5916585365853658,96.5970731707317
2024,2024-25,VALIDATION,1610612745,HOU,Houston Rockets,81,52,29,0.6419753086419753,114.51851851851852,109.76543209876543,4.753086419753086,0.45623456790123457,0.3539382716049383,0.7420493827160494,48.46913580246913,23.419753086419753,8.419753086419753,5.037037037037037,13.876543209876543,114.96666666666665,110.31851851851852,4.6456790123456795,0.5240987654320988,0.5545432098765432,99.04962962962964
2024,2024-25,VALIDATION,1610612752,NYK,New York Knicks,82,51,31,0.6219512195121951,115.78048780487805,111.6829268292683,4.097560975609756,0.4866707317073171,0.36623170731707316,0.8012926829268293,42.646341463414636,27.48780487804878,8.182926829268293,3.951219512195122,13.268292682926829,117.22560975609755,113.29024390243902,3.9390243902439024,0.5573536585365854,0.589719512195122,97.65963414634146
2024,2024-25,VALIDATION,1610612754,IND,Indiana Pacers,80,49,31,0.6125,117.225,115.0375,2.1875,0.48845,0.3667625,0.788925,41.8625,29.1875,8.375,5.4625,13.2625,115.45625,113.3175,2.15125,0.5622125,0.59495,100.68674999999999
2024,2024-25,VALIDATION,1610612743,DEN,Denver Nuggets,82,50,32,0.6097560975609756,120.7560975609756,116.86585365853658,3.8902439024390243,0.5073536585365854,0.3766951219512195,0.7713780487804878,45.74390243902439,31.0,8.0,4.902439024390244,14.25609756097561,118.92439024390244,115.16707317073171,3.747560975609756,0.5746585365853658,0.6053170731707317,100.6798780487805
2024,2024-25,VALIDATION,1610612746,LAC,Los Angeles Clippers,82,50,32,0.6097560975609756,112.8780487804878,108.21951219512195,4.658536585365853,0.48309756097560974,0.37726829268292683,0.7958414634146341,43.792682926829265,25.170731707317074,9.426829268292684,4.512195121951219,14.878048780487806,114.38170731707316,109.43780487804878,4.941463414634146,0.5555731707317073,0.5901219512195122,98.26012195121952
2024,2024-25,VALIDATION,1610612747,LAL,Los Angeles Lakers,82,50,32,0.6097560975609756,113.39024390243902,112.17073170731707,1.2195121951219512,0.47967073170731706,0.36478048780487804,0.7882560975609756,42.426829268292686,25.98780487804878,7.719512195121951,4.475609756097561,13.963414634146341,115.02926829268293,113.82073170731707,1.2060975609756097,0.5577560975609756,0.593048780487805,98.33280487804878
2024,2024-25,VALIDATION,1610612750,MIN,Minnesota Timberwolves,82,49,33,0.5975609756097561,114.29268292682927,109.29268292682927,5.0,0.4699146341463415,0.3770609756097561,0.7896585365853658,44.30487804878049,26.121951219512194,7.987804878048781,4.951219512195122,14.463414634146341,115.86951219512194,110.80609756097562,5.0634146341463415,0.556560975609756,0.5901463414634147,97.95914634146341
2024,2024-25,VALIDATION,1610612744,GSW,Golden State Warriors,82,48,34,0.5853658536585366,113.79268292682927,110.48780487804878,3.3048780487804876,0.45158536585365855,0.36304878048780487,0.7576341463414634,45.3780487804878,29.097560975609756,9.402439024390244,4.780487804878049,14.048780487804878,114.1560975609756,111.05243902439024,3.1085365853658535,0.5371707317073171,0.5691463414634147,99.38439024390244
2024,2024-25,VALIDATION,1610612763,MEM,Memphis Grizzlies,82,48,34,0.5853658536585366,121.6951219512195,116.84146341463415,4.853658536585366,0.4797439024390244,0.3659268292682927,0.7887804878048781,47.25609756097561,28.414634146341463,8.853658536585366,5.634146341463414,15.670731707317072,117.29268292682927,112.58414634146341,4.708536585365854,0.5544512195121951,0.5883780487804878,103.68243902439023
2024,2024-25,VALIDATION,1610612749,MIL,Milwaukee Bucks,81,47,34,0.5802469135802469,115.58024691358025,113.17283950617283,2.4074074074074074,0.48904938271604936,0.3887283950617284,0.7471851851851852,43.32098765432099,25.45679012345679,7.320987654320987,4.6419753086419755,13.382716049382717,115.31111111111112,112.97654320987655,2.332098765432099,0.5712098765432099,0.6007901234567902,99.87135802469136
2024,2024-25,VALIDATION,1610612765,DET,Detroit Pistons,82,44,38,0.5365853658536586,115.5,113.59756097560975,1.9024390243902438,0.4771341463414634,0.36242682926829267,0.7693170731707317,44.75609756097561,26.402439024390244,7.951219512195122,5.2560975609756095,14.853658536585366,114.5439024390244,112.47560975609755,2.069512195121951,0.5487804878048781,0.5812439024390244,100.2839024390244
2024,2024-25,VALIDATION,1610612753,ORL,Orlando Magic,82,41,41,0.5,105.42682926829268,105.54878048780488,-0.12195121951219512,0.44582926829268293,0.316609756097561,0.7772317073170731,41.84146341463415,23.01219512195122,8.890243902439025,5.951219512195122,14.207317073170731,108.99634146341464,109.0951219512195,-0.10487804878048777,0.5111829268292684,0.5503658536585366,96.52170731707317
2024,2024-25,VALIDATION,1610612737,ATL,Atlanta Hawks,81,40,41,0.49382716049382713,118.38271604938272,119.4320987654321,-1.0493827160493827,0.47419753086419747,0.35632098765432096,0.7753827160493827,44.50617283950617,29.666666666666668,9.814814814814815,5.098765432098766,15.555555555555555,114.01604938271603,114.93950617283951,-0.9160493827160492,0.5484814814814815,0.5817037037037037,103.3937037037037
2024,2024-25,VALIDATION,1610612758,SAC,Sacramento Kings,82,40,42,0.4878048780487805,115.73170731707317,115.2560975609756,0.47560975609756095,0.47906097560975613,0.35593902439024394,0.8071951219512195,44.19512195121951,26.451219512195124,7.560975609756097,4.353658536585366,13.317073170731707,115.97560975609755,115.35731707317072,0.6195121951219513,0.5490365853658536,0.5835,98.91499999999999
2024,2024-25,VALIDATION,1610612741,CHI,Chicago Bulls,82,39,43,0.47560975609756095,117.8048780487805,119.36585365853658,-1.5609756097560976,0.47058536585365857,0.3684512195121951,0.8092926829268292,45.853658536585364,29.0609756097561,7.573170731707317,4.7073170731707314,14.670731707317072,113.3451219512195,114.97317073170731,-1.6280487804878048,0.5545,0.5859756097560975,103.61573170731707
2024,2024-25,VALIDATION,1610612742,DAL,Dallas Mavericks,82,39,43,0.47560975609756095,114.1951219512195,115.39024390243902,-1.1951219512195121,0.4798170731707317,0.3624512195121951,0.7674878048780488,43.048780487804876,25.24390243902439,7.7560975609756095,5.426829268292683,14.036585365853659,113.70975609756098,114.98414634146343,-1.2768292682926827,0.5508658536585366,0.5842804878048781,100.15378048780488
2024,2024-25,VALIDATION,1610612748,MIA,Miami Heat,81,36,45,0.4444444444444444,110.50617283950618,110.18518518518519,0.32098765432098764,0.46641975308641975,0.36991358024691356,0.7973827160493826,43.123456790123456,26.506172839506174,8.17283950617284,3.8395061728395063,13.580246913580247,112.5,112.29876543209878,0.19382716049382703,0.5455061728395062,0.5787530864197531,97.02358024691358
2024,2024-25,VALIDATION,1610612756,PHX,Phoenix Suns,82,36,46,0.43902439024390244,113.6219512195122,116.6219512195122,-3.0,0.4787073170731707,0.3771707317073171,0.8089024390243902,42.48780487804878,27.76829268292683,7.2317073170731705,4.780487804878049,14.060975609756097,114.76219512195122,117.69634146341464,-2.932926829268293,0.5619146341463415,0.5965365853658536,98.29817073170732
2024,2024-25,VALIDATION,1610612757,POR,Portland Trail Blazers,82,36,46,0.43902439024390244,110.89024390243902,113.86585365853658,-2.975609756097561,0.45168292682926836,0.34270731707317076,0.7595243902439024,44.76829268292683,23.804878048780488,8.268292682926829,5.280487804878049,15.963414634146341,111.18170731707316,113.76219512195122,-2.573170731707317,0.5235,0.5567439024390244,99.51048780487804
2024,2024-25,VALIDATION,1610612759,SAS,San Antonio Spurs,80,33,47,0.4125,113.8,116.525,-2.725,0.465075,0.3556125,0.7738625,43.5,28.5375,8.175,5.5,13.675,113.5175,116.275,-2.7575,0.544025,0.5756249999999999,99.99725
2024,2024-25,VALIDATION,1610612761,TOR,Toronto Raptors,82,30,52,0.36585365853658536,110.86585365853658,115.15853658536585,-4.2926829268292686,0.45969512195121953,0.349780487804878,0.7440731707317073,45.1219512195122,28.536585365853657,8.097560975609756,4.2439024390243905,15.329268292682928,109.58902439024389,113.70731707317073,-4.126829268292683,0.5245609756097561,0.5545853658536585,100.64048780487805
2024,2024-25,VALIDATION,1610612751,BKN,Brooklyn Nets,82,26,56,0.3170731707317073,105.10975609756098,112.21951219512195,-7.109756097560975,0.4382195121951219,0.3423536585365854,0.7851585365853658,41.30487804878049,25.158536585365855,7.7926829268292686,4.2926829268292686,15.170731707317072,108.25243902439026,115.41829268292682,-7.160975609756098,0.5173780487804878,0.5534634146341464,96.73695121951219
2024,2024-25,VALIDATION,1610612755,PHI,Philadelphia 76ers,82,24,58,0.2926829268292683,109.60975609756098,115.84146341463415,-6.2317073170731705,0.45487804878048776,0.340780487804878,0.7825731707317074,39.792682926829265,23.182926829268293,9.170731707317072,4.463414634146342,13.621951219512194,111.0280487804878,117.3780487804878,-6.347560975609756,0.5275000000000001,0.5641585365853659,98.13621951219513
2024,2024-25,VALIDATION,1610612740,NOP,New Orleans Pelicans,82,21,61,0.25609756097560976,109.82926829268293,119.2560975609756,-9.426829268292684,0.4524634146341464,0.34485365853658534,0.7516829268292683,43.609756097560975,25.841463414634145,8.548780487804878,5.2317073170731705,14.646341463414634,109.64634146341463,119.18048780487804,-9.52560975609756,0.519390243902439,0.5523902439024391,99.75439024390244
2024,2024-25,VALIDATION,1610612766,CHA,Charlotte Hornets,82,19,63,0.23170731707317074,105.09756097560975,114.20731707317073,-9.109756097560975,0.4309512195121951,0.33720731707317075,0.7792926829268293,45.19512195121951,24.317073170731707,7.402439024390244,4.487804878048781,15.5,106.72804878048781,115.7670731707317,-9.042682926829269,0.5039878048780487,0.5383292682926829,98.22256097560975
2024,2024-25,VALIDATION,1610612764,WAS,Washington Wizards,81,18,63,0.2222222222222222,108.12345679012346,120.46913580246914,-12.345679012345679,0.43937037037037036,0.3346172839506173,0.7719753086419753,43.69135802469136,25.123456790123456,7.54320987654321,5.061728395061729,15.604938271604938,105.94197530864197,118.06543209876543,-12.119753086419754,0.5127530864197531,0.5471111111111111,101.80827160493827
2024,2024-25,VALIDATION,1610612762,UTA,Utah Jazz,82,17,65,0.2073170731707317,111.89024390243902,121.23170731707317,-9.341463414634147,0.45614634146341465,0.35289024390243906,0.7746341463414634,45.41463414634146,25.524390243902438,6.7682926829268295,4.390243902439025,17.21951219512195,110.28170731707317,119.57439024390244,-9.298780487804878,0.5353048780487806,0.5696585365853659,100.86170731707317
2025,2025-26,TEST,1610612760,OKC,Oklahoma City Thunder,81,64,17,0.7901234567901234,119.11111111111111,107.79012345679013,11.320987654320987,0.4855925925925926,0.3663827160493827,0.8142345679012346,44.01234567901235,25.82716049382716,9.666666666666666,5.481481481481482,12.54320987654321,117.82098765432099,106.66913580246914,11.141975308641975,0.5640246913580247,0.6016296296296296,100.31444444444445
2025,2025-26,TEST,1610612759,SAS,San Antonio Spurs,81,61,20,0.7530864197530864,119.93827160493827,111.55555555555556,8.382716049382717,0.48516049382716053,0.3589506172839506,0.7881111111111111,46.97530864197531,28.160493827160494,7.506172839506172,5.444444444444445,13.382716049382717,118.89506172839506,110.54567901234569,8.348148148148148,0.5610493827160494,0.5968271604938272,100.65814814814816
2025,2025-26,TEST,1610612765,DET,Detroit Pistons,81,59,22,0.7283950617283951,117.71604938271605,109.60493827160494,8.11111111111111,0.48701234567901236,0.3562592592592593,0.7624938271604939,45.54320987654321,27.80246913580247,10.444444444444445,6.407407407407407,15.209876543209877,117.3962962962963,108.99259259259259,8.411111111111111,0.5491358024691357,0.5852716049382716,99.8604938271605
2025,2025-26,TEST,1610612738,BOS,Boston Celtics,82,56,26,0.6829268292682927,114.85365853658537,107.15853658536585,7.695121951219512,0.4677073170731707,0.3666829268292683,0.801170731707317,46.3780487804878,24.646341463414632,7.134146341463414,5.0,12.365853658536585,120.0280487804878,111.71463414634147,8.31219512195122,0.5535487804878049,0.583829268292683,95.59182926829268
2025,2025-26,TEST,1610612743,DEN,Denver Nuggets,82,54,28,0.6585365853658537,122.07317073170732,116.92682926829268,5.146341463414634,0.49684146341463414,0.3958292682926829,0.8090975609756098,43.97560975609756,28.963414634146343,6.829268292682927,3.9634146341463414,12.902439024390244,121.1560975609756,116.05975609756098,5.098780487804878,0.5776951219512195,0.6168048780487805,99.52341463414635
2025,2025-26,TEST,1610612747,LAL,Los Angeles Lakers,82,53,29,0.6463414634146342,116.34146341463415,114.58536585365853,1.7560975609756098,0.5027195121951219,0.36101219512195126,0.758890243902439,40.98780487804878,25.878048780487806,8.548780487804878,4.280487804878049,14.487804878048781,116.96219512195121,115.51341463414634,1.4536585365853658,0.5735,0.6095365853658536,99.21487804878049
2025,2025-26,TEST,1610612752,NYK,New York Knicks,81,52,29,0.6419753086419753,116.25925925925925,110.0,6.2592592592592595,0.4762962962962963,0.37206172839506174,0.7943456790123457,45.666666666666664,27.432098765432098,8.11111111111111,3.888888888888889,13.666666666666666,118.57283950617284,112.35061728395061,6.22962962962963,0.5563086419753086,0.5890123456790124,97.63827160493827
2025,2025-26,TEST,1610612739,CLE,Cleveland Cavaliers,82,52,30,0.6341463414634146,119.52439024390245,115.41463414634147,4.109756097560975,0.4826585365853659,0.3621951219512195,0.7750121951219513,44.41463414634146,28.304878048780488,8.512195121951219,5.0,13.987804878048781,118.28658536585365,114.16707317073171,4.11219512195122,0.562280487804878,0.5956829268292683,100.7080487804878
2025,2025-26,TEST,1610612745,HOU,Houston Rockets,82,52,30,0.6341463414634146,115.23170731707317,110.01219512195122,5.219512195121951,0.4809634146341463,0.36579268292682926,0.7652682926829268,48.1219512195122,25.402439024390244,8.548780487804878,5.7682926829268295,15.378048780487806,117.57682926829267,112.19390243902438,5.380487804878048,0.5452926829268292,0.5783048780487805,97.01109756097561
2025,2025-26,TEST,1610612750,MIN,Minnesota Timberwolves,82,49,33,0.5975609756097561,118.0,114.64634146341463,3.3536585365853657,0.4817317073170732,0.37203658536585366,0.7510365853658537,44.08536585365854,26.073170731707318,8.74390243902439,5.804878048780488,14.804878048780488,115.54146341463414,112.67682926829268,2.876829268292683,0.5595,0.5929878048780488,101.5040243902439
2025,2025-26,TEST,1610612737,ATL,Atlanta Hawks,82,46,36,0.5609756097560976,118.40243902439025,115.92682926829268,2.475609756097561,0.47473170731707315,0.36984146341463414,0.7684146341463415,43.52439024390244,30.121951219512194,9.365853658536585,4.682926829268292,14.158536585365853,115.07926829268293,112.8048780487805,2.276829268292683,0.5544024390243902,0.5846829268292684,102.50317073170731
2025,2025-26,TEST,1610612761,TOR,Toronto Raptors,82,46,36,0.5609756097560976,114.63414634146342,111.8048780487805,2.8292682926829267,0.4829512195121951,0.3553048780487805,0.7651707317073171,42.09756097560975,29.475609756097562,8.804878048780488,4.817073170731708,13.670731707317072,114.87682926829268,112.27560975609757,2.6060975609756096,0.5474756097560975,0.5811341463414634,99.23658536585366
2025,2025-26,TEST,1610612753,ORL,Orlando Magic,79,44,35,0.5569620253164557,115.74683544303798,114.81012658227849,0.9367088607594937,0.4656835443037975,0.3417088607594937,0.8027848101265823,43.29113924050633,26.468354430379748,8.531645569620252,4.734177215189874,14.113924050632912,114.35316455696201,113.61139240506328,0.7379746835443037,0.532253164556962,0.577873417721519,100.5506329113924
2025,2025-26,TEST,1610612755,PHI,Philadelphia 76ers,82,45,37,0.5487804878048781,115.5,115.79268292682927,-0.2926829268292683,0.46248780487804875,0.34437804878048783,0.8075853658536585,43.51219512195122,24.5,9.121951219512194,5.634146341463414,13.609756097560975,114.2329268292683,114.47682926829269,-0.24268292682926818,0.5307195121951219,0.5727682926829268,100.4380487804878
2025,2025-26,TEST,1610612756,PHX,Phoenix Suns,82,45,37,0.5487804878048781,112.58536585365853,111.1219512195122,1.4634146341463414,0.45607317073170733,0.3601463414634146,0.7736829268292683,43.09756097560975,24.646341463414632,9.524390243902438,4.2317073170731705,14.487804878048781,114.26219512195122,112.97926829268292,1.2890243902439027,0.5383414634146342,0.5700121951219512,98.1580487804878
2025,2025-26,TEST,1610612766,CHA,Charlotte Hornets,82,44,38,0.5365853658536586,116.01219512195122,111.1829268292683,4.829268292682927,0.4611707317073171,0.3785487804878049,0.8220975609756098,46.0609756097561,26.353658536585368,7.048780487804878,4.512195121951219,15.414634146341463,118.44999999999999,113.49024390243903,4.9609756097560975,0.5535243902439024,0.5900487804878048,97.61036585365854
2025,2025-26,TEST,1610612748,MIA,Miami Heat,82,43,39,0.524390243902439,120.7439024390244,118.47560975609755,2.268292682926829,0.46857317073170734,0.35915853658536584,0.7930487804878049,46.25609756097561,28.926829268292682,8.646341463414634,4.2560975609756095,13.646341463414634,115.67317073170733,113.77317073170731,1.9000000000000001,0.5418658536585366,0.5795609756097561,104.24414634146342
2025,2025-26,TEST,1610612746,LAC,Los Angeles Clippers,82,42,40,0.5121951219512195,113.76829268292683,112.63414634146342,1.1341463414634145,0.48535365853658535,0.36406097560975614,0.8255487804878048,40.59756097560975,23.74390243902439,9.0,4.878048780487805,14.341463414634147,116.42682926829268,115.32195121951219,1.102439024390244,0.5598292682926829,0.6029390243902439,97.27768292682927
2025,2025-26,TEST,1610612757,POR,Portland Trail Blazers,82,42,40,0.5121951219512195,115.47560975609755,115.76829268292683,-0.2926829268292683,0.45378048780487806,0.3418780487804878,0.7634634146341464,46.0,25.146341463414632,8.25609756097561,5.463414634146342,17.28048780487805,113.14999999999999,113.48902439024391,-0.3378048780487805,0.5341341463414634,0.5709146341463415,101.63634146341464
2025,2025-26,TEST,1610612744,GSW,Golden State Warriors,82,37,45,0.45121951219512196,114.60975609756098,115.17073170731707,-0.5609756097560976,0.4620121951219512,0.3538414634146341,0.8005365853658537,42.34146341463415,28.890243902439025,9.707317073170731,4.219512195121951,15.658536585365853,113.86707317073171,114.34878048780489,-0.48048780487804876,0.5505609756097561,0.5853658536585366,100.05817073170732
2025,2025-26,TEST,1610612749,MIL,Milwaukee Bucks,82,32,50,0.3902439024390244,110.63414634146342,116.84146341463415,-6.2073170731707314,0.4772317073170732,0.388,0.7274634146341463,40.74390243902439,25.804878048780488,7.402439024390244,3.975609756097561,15.207317073170731,112.15975609756099,118.36463414634146,-6.209756097560976,0.5659268292682926,0.5894146341463414,98.33353658536586
2025,2025-26,TEST,1610612741,CHI,Chicago Bulls,82,31,51,0.3780487804878049,116.3048780487805,121.51219512195122,-5.2073170731707314,0.4686341463414634,0.35435365853658535,0.7777439024390244,45.048780487804876,28.475609756097562,7.646341463414634,5.0,15.341463414634147,112.10853658536585,117.48170731707317,-5.373170731707317,0.547560975609756,0.5802317073170732,103.2181707317073
2025,2025-26,TEST,1610612742,DAL,Dallas Mavericks,81,26,55,0.32098765432098764,114.12345679012346,119.5679012345679,-5.444444444444445,0.46724691358024695,0.3390617283950617,0.7593456790123456,44.67901234567901,25.28395061728395,7.604938271604938,5.185185185185185,14.530864197530864,110.34567901234568,115.46543209876545,-5.12962962962963,0.5276172839506174,0.5646543209876543,102.6741975308642
2025,2025-26,TEST,1610612740,NOP,New Orleans Pelicans,82,26,56,0.3170731707317073,115.52439024390245,120.02439024390245,-4.5,0.4655731707317073,0.3454024390243903,0.7872682926829268,43.8780487804878,25.097560975609756,8.853658536585366,5.195121951219512,14.182926829268293,113.19756097560976,117.69390243902438,-4.5060975609756095,0.5276585365853659,0.5680731707317074,101.39109756097561
2025,2025-26,TEST,1610612763,MEM,Memphis Grizzlies,80,24,56,0.3,114.575,120.8625,-6.2875,0.4564125,0.3511625,0.79575,42.1875,27.8125,8.825,4.75,15.1,112.42625000000001,118.63624999999999,-6.20625,0.5335,0.5699625,101.71375
2025,2025-26,TEST,1610612758,SAC,Sacramento Kings,82,22,60,0.2682926829268293,111.0,121.0,-10.0,0.46762195121951217,0.34048780487804875,0.7662560975609756,42.26829268292683,25.548780487804876,8.024390243902438,4.536585365853658,14.329268292682928,110.61463414634146,120.35609756097561,-9.742682926829268,0.525609756097561,0.5608048780487804,100.12146341463414
2025,2025-26,TEST,1610612762,UTA,Utah Jazz,82,22,60,0.2682926829268293,117.3170731707317,125.63414634146342,-8.317073170731707,0.4677926829268293,0.34608536585365857,0.7792317073170731,43.707317073170735,29.573170731707318,8.878048780487806,3.7560975609756095,15.463414634146341,112.77439024390245,120.80121951219513,-8.028048780487804,0.5376219512195122,0.5763658536585365,103.56670731707317
2025,2025-26,TEST,1610612751,BKN,Brooklyn Nets,82,20,62,0.24390243902439024,105.92682926829268,115.91463414634147,-9.987804878048781,0.4431219512195122,0.34148780487804875,0.7787926829268292,39.329268292682926,25.0,7.963414634146342,4.2682926829268295,15.75609756097561,108.33048780487805,118.3719512195122,-10.043902439024391,0.5207195121951219,0.5602560975609756,97.6280487804878
2025,2025-26,TEST,1610612754,IND,Indiana Pacers,82,19,63,0.23170731707317074,112.42682926829268,120.41463414634147,-7.987804878048781,0.45852439024390246,0.3569512195121951,0.7759512195121951,41.9390243902439,27.670731707317074,7.378048780487805,4.573170731707317,14.512195121951219,110.12317073170732,117.97560975609755,-7.852439024390244,0.5338170731707318,0.5693292682926829,101.77390243902438
2025,2025-26,TEST,1610612764,WAS,Washington Wizards,82,17,65,0.2073170731707317,112.90243902439025,124.8780487804878,-11.975609756097562,0.46296341463414636,0.35667073170731706,0.7670487804878048,41.90243902439025,25.048780487804876,7.987804878048781,5.512195121951219,15.658536585365853,109.70365853658538,121.5609756097561,-11.856097560975611,0.5354512195121952,0.5670609756097561,102.49109756097562
